"Date","MinDO","Location","TimeStamp"
2017-09-22,6.52,"Upstream1","After"
2017-09-23,6.42667,"Upstream1","After"
2017-09-24,6.41,"Upstream1","After"
2017-09-25,6.35667,"Upstream1","After"
2017-09-26,6.24333,"Upstream1","After"
2017-09-27,6.37333,"Upstream1","After"
2017-09-28,5.92,"Upstream1","After"
2017-09-29,5.87,"Upstream1","After"
2017-09-30,6.45333,"Upstream1","After"
2017-10-01,6.91667,"Upstream1","After"
2017-10-02,7.04333,"Upstream1","After"
2017-10-03,7.08333,"Upstream1","After"
2017-10-04,7.1,"Upstream1","After"
2017-10-05,6.97333,"Upstream1","After"
2017-10-06,6.99333,"Upstream1","After"
2017-10-07,6.92667,"Upstream1","After"
2017-10-08,6.65667,"Upstream1","After"
2017-10-09,6.61,"Upstream1","After"
2017-10-10,6.25,"Upstream1","After"
2017-10-11,6.41333,"Upstream1","After"
2017-10-12,6.38,"Upstream1","After"
2017-10-13,6.59667,"Upstream1","After"
2017-10-14,6.64667,"Upstream1","After"
2017-10-15,6.77667,"Upstream1","After"
2017-10-16,6.57,"Upstream1","After"
2017-10-17,6.76,"Upstream1","After"
2017-10-18,7.32667,"Upstream1","After"
2017-10-19,7.27667,"Upstream1","After"
2017-10-20,7.17,"Upstream1","After"
2017-10-21,7.08333,"Upstream1","After"
2017-10-22,7.04667,"Upstream1","After"
2017-10-23,7.24,"Upstream1","After"
2017-10-24,7.37667,"Upstream1","After"
2017-10-25,7.24333,"Upstream1","After"
2017-10-26,7.34333,"Upstream1","After"
2017-10-27,7.47667,"Upstream1","After"
2017-10-28,7.4,"Upstream1","After"
2017-10-29,7.52,"Upstream1","After"
2017-10-30,7.75,"Upstream1","After"
2017-10-31,7.87667,"Upstream1","After"
2017-11-01,7.64,"Upstream1","After"
2017-11-02,7.35,"Upstream1","After"
2017-11-03,7.74667,"Upstream1","After"
2017-11-04,7.55,"Upstream1","After"
2017-11-05,7.68333,"Upstream1","After"
2017-11-06,7.51333,"Upstream1","After"
2017-11-07,7.28,"Upstream1","After"
2017-11-08,7.29667,"Upstream1","After"
2017-11-09,6.78333,"Upstream1","After"
2017-11-10,7.18333,"Upstream1","After"
2017-11-11,7.00667,"Upstream1","After"
2017-11-12,8.51333,"Upstream1","After"
2017-11-13,8.20333,"Upstream1","After"
2017-11-14,8.52667,"Upstream1","After"
2017-11-15,7.94667,"Upstream1","After"
2017-11-16,8.03,"Upstream1","After"
2017-11-17,7.97333,"Upstream1","After"
2017-11-18,9.06333,"Upstream1","After"
2017-11-19,8.29,"Upstream1","After"
2017-11-20,8.97333,"Upstream1","After"
2017-11-21,9.17,"Upstream1","After"
2017-11-22,8.28,"Upstream1","After"
2017-11-23,8.29333,"Upstream1","After"
2017-11-24,8.80667,"Upstream1","After"
2017-11-25,8.59333,"Upstream1","After"
2017-11-26,7.60667,"Upstream1","After"
2017-11-27,7.78667,"Upstream1","After"
2017-11-28,8.14333,"Upstream1","After"
2017-11-29,8.08333,"Upstream1","After"
2017-11-30,7.47333,"Upstream1","After"
2017-12-01,6.66,"Upstream1","After"
2017-12-02,7.23,"Upstream1","After"
2017-12-03,6.49,"Upstream1","After"
2017-12-04,6.70333,"Upstream1","After"
2017-12-05,7.05,"Upstream1","After"
2017-12-06,8.67,"Upstream1","After"
2017-12-07,9.18667,"Upstream1","After"
2017-12-08,9.22,"Upstream1","After"
2017-12-09,10.3767,"Upstream1","After"
2017-12-10,10.4267,"Upstream1","After"
2017-12-11,10.2767,"Upstream1","After"
2017-12-12,9.89667,"Upstream1","After"
2017-12-13,10.1833,"Upstream1","After"
2017-12-14,10.4067,"Upstream1","After"
2017-12-15,10.37,"Upstream1","After"
2017-12-16,10.5633,"Upstream1","After"
2017-12-17,10.66,"Upstream1","After"
2017-12-18,10.25,"Upstream1","After"
2017-12-19,10.3433,"Upstream1","After"
2017-12-20,9.69667,"Upstream1","After"
2017-12-21,9.6,"Upstream1","After"
2017-12-22,9.86,"Upstream1","After"
2017-12-23,9.91,"Upstream1","After"
2017-12-24,9.35,"Upstream1","After"
2017-12-25,10,"Upstream1","After"
2017-12-26,10.73,"Upstream1","After"
2017-12-27,10.8,"Upstream1","After"
2017-12-28,10.9133,"Upstream1","After"
2017-12-29,11.4167,"Upstream1","After"
2017-12-30,10.9933,"Upstream1","After"
2017-12-31,10.8433,"Upstream1","After"
2018-01-01,11.49,"Upstream1","After"
2018-01-02,11.8867,"Upstream1","After"
2018-01-03,11.8767,"Upstream1","After"
2018-01-04,11.5867,"Upstream1","After"
2018-01-05,12.0833,"Upstream1","After"
2018-01-06,12.4,"Upstream1","After"
2018-01-07,12.5567,"Upstream1","After"
2018-01-08,12.3367,"Upstream1","After"
2018-01-09,12.07,"Upstream1","After"
2018-01-10,11.8633,"Upstream1","After"
2018-01-11,12.13,"Upstream1","After"
2018-01-12,10.73,"Upstream1","After"
2018-01-13,9.87333,"Upstream1","After"
2018-01-14,11.4,"Upstream1","After"
2018-01-15,12.3467,"Upstream1","After"
2018-01-16,12.2233,"Upstream1","After"
2018-01-17,11.8967,"Upstream1","After"
2018-01-18,12.39,"Upstream1","After"
2018-01-19,12.4233,"Upstream1","After"
2018-01-20,12.0967,"Upstream1","After"
2018-01-21,11.8567,"Upstream1","After"
2018-01-22,11.74,"Upstream1","After"
2018-01-23,10.54,"Upstream1","After"
2018-01-24,10.54,"Upstream1","After"
2018-01-25,10.9833,"Upstream1","After"
2018-01-26,11.1767,"Upstream1","After"
2018-01-27,11.02,"Upstream1","After"
2018-01-28,9.91667,"Upstream1","After"
2018-01-29,10.2833,"Upstream1","After"
2018-01-30,10.8367,"Upstream1","After"
2018-01-31,11.4867,"Upstream1","After"
2018-02-01,11.3567,"Upstream1","After"
2018-02-02,10.5267,"Upstream1","After"
2018-02-03,11.7167,"Upstream1","After"
2018-02-04,11.66,"Upstream1","After"
2018-02-05,11.12,"Upstream1","After"
2018-02-06,11.44,"Upstream1","After"
2018-02-07,11.0167,"Upstream1","After"
2018-02-08,10.5533,"Upstream1","After"
2018-02-09,11.2833,"Upstream1","After"
2018-02-10,11.0167,"Upstream1","After"
2018-02-11,10.37,"Upstream1","After"
2018-02-12,9.95333,"Upstream1","After"
2018-02-13,10.4333,"Upstream1","After"
2018-02-14,10.6233,"Upstream1","After"
2018-02-15,9.69333,"Upstream1","After"
2018-02-16,9.60667,"Upstream1","After"
2018-02-17,8.99333,"Upstream1","After"
2018-02-18,9.23667,"Upstream1","After"
2018-02-19,8.72333,"Upstream1","After"
2018-02-20,8.41,"Upstream1","After"
2018-02-21,7.90667,"Upstream1","After"
2018-02-22,8.51,"Upstream1","After"
2018-02-23,8.75333,"Upstream1","After"
2018-02-24,8.55,"Upstream1","After"
2018-02-25,7.89,"Upstream1","After"
2018-02-26,7.25333,"Upstream1","After"
2018-02-27,5.73667,"Upstream1","After"
2018-02-28,7.16,"Upstream1","After"
2018-03-01,6.95333,"Upstream1","After"
2018-03-02,7.88667,"Upstream1","After"
2018-03-03,7.16667,"Upstream1","After"
2018-03-04,8.08,"Upstream1","After"
2018-03-05,6.42,"Upstream1","After"
2018-03-06,8.23333,"Upstream1","After"
2018-03-07,7.5,"Upstream1","After"
2018-03-08,7.18,"Upstream1","After"
2018-03-09,7.83333,"Upstream1","After"
2018-03-10,8.50333,"Upstream1","After"
2018-03-11,7.35667,"Upstream1","After"
2018-03-12,5.78333,"Upstream1","After"
2018-03-13,10.88,"Upstream1","After"
2018-03-14,10.06,"Upstream1","After"
2018-03-15,10.32,"Upstream1","After"
2018-03-16,9.99,"Upstream1","After"
2018-03-17,10.0333,"Upstream1","After"
2018-03-18,9.67333,"Upstream1","After"
2018-03-19,9.74667,"Upstream1","After"
2018-03-20,9.39667,"Upstream1","After"
2018-03-21,10.16,"Upstream1","After"
2018-03-22,10.6733,"Upstream1","After"
2018-03-23,10.8167,"Upstream1","After"
2018-03-24,11.0833,"Upstream1","After"
2018-03-25,11.1533,"Upstream1","After"
2018-03-26,11.1433,"Upstream1","After"
2018-03-27,11.6633,"Upstream1","After"
2018-03-28,11.67,"Upstream1","After"
2018-03-29,11.24,"Upstream1","After"
2018-03-30,10.9333,"Upstream1","After"
2018-03-31,10.7733,"Upstream1","After"
2018-04-01,10.6833,"Upstream1","After"
2018-04-02,10.48,"Upstream1","After"
2018-04-03,10.2367,"Upstream1","After"
2018-04-04,10.07,"Upstream1","After"
2018-04-05,9.80667,"Upstream1","After"
2018-04-06,9.87667,"Upstream1","After"
2018-04-07,9.60667,"Upstream1","After"
2018-04-08,9.55333,"Upstream1","After"
2018-04-09,9.52333,"Upstream1","After"
2018-04-10,9.88,"Upstream1","After"
2018-04-11,9.75667,"Upstream1","After"
2018-04-12,9.70667,"Upstream1","After"
2018-04-13,8.38,"Upstream1","After"
2018-04-14,8.62333,"Upstream1","After"
2018-04-15,8.88,"Upstream1","After"
2018-04-16,8.85,"Upstream1","After"
2018-05-08,8.85667,"Upstream1","After"
2018-05-09,8.49,"Upstream1","After"
2018-05-10,8.1,"Upstream1","After"
2018-05-11,8.14,"Upstream1","After"
2018-05-12,8.07667,"Upstream1","After"
2018-05-13,8.03667,"Upstream1","After"
2018-05-14,7.97,"Upstream1","After"
2018-05-15,7.91333,"Upstream1","After"
2018-05-16,7.95,"Upstream1","After"
2018-05-17,7.63333,"Upstream1","After"
2018-05-18,7.78667,"Upstream1","After"
2018-05-19,7.92667,"Upstream1","After"
2018-05-20,7.97333,"Upstream1","After"
2018-05-21,8.69667,"Upstream1","After"
2018-05-22,8.52,"Upstream1","After"
2018-05-23,8.45667,"Upstream1","After"
2018-05-24,8.25667,"Upstream1","After"
2018-05-25,7.88,"Upstream1","After"
2018-05-26,7.36333,"Upstream1","After"
2018-05-27,7.11667,"Upstream1","After"
2018-05-28,6.85667,"Upstream1","After"
2018-05-29,6.70333,"Upstream1","After"
2018-05-30,6.55333,"Upstream1","After"
2018-05-31,7.47,"Upstream1","After"
2018-06-01,7.47,"Upstream1","After"
2018-06-02,7.36667,"Upstream1","After"
2018-06-03,7.13333,"Upstream1","After"
2018-06-04,7.17667,"Upstream1","After"
2018-06-05,6.41,"Upstream1","After"
2018-06-06,6.18333,"Upstream1","After"
2018-06-07,6.00667,"Upstream1","After"
2018-06-08,6.8,"Upstream1","After"
2018-06-09,6.6,"Upstream1","After"
2018-06-10,6.56667,"Upstream1","After"
2018-06-11,6.37667,"Upstream1","After"
2018-06-12,6.47,"Upstream1","After"
2018-06-13,6.65333,"Upstream1","After"
2018-06-14,5.79,"Upstream1","After"
2018-06-15,6.25667,"Upstream1","After"
2018-06-16,6.41667,"Upstream1","After"
2018-06-17,6.71,"Upstream1","After"
2018-06-18,6.61333,"Upstream1","After"
2018-06-19,6.07667,"Upstream1","After"
2018-06-20,5.91333,"Upstream1","After"
2018-06-21,5.42333,"Upstream1","After"
2018-06-22,5.48333,"Upstream1","After"
2018-06-23,5.72,"Upstream1","After"
2018-06-24,6,"Upstream1","After"
2018-06-25,5.92667,"Upstream1","After"
2018-06-26,6.06667,"Upstream1","After"
2018-06-27,6.28667,"Upstream1","After"
2018-06-28,6.01,"Upstream1","After"
2018-06-29,6.25,"Upstream1","After"
2018-06-30,6.16333,"Upstream1","After"
2018-07-01,6.07333,"Upstream1","After"
2018-07-02,5.98667,"Upstream1","After"
2018-07-03,5.74,"Upstream1","After"
2018-07-04,5.94333,"Upstream1","After"
2018-07-05,5.44,"Upstream1","After"
2018-07-06,5.26667,"Upstream1","After"
2018-07-07,5.58333,"Upstream1","After"
2018-07-08,5.69,"Upstream1","After"
2018-07-09,5.70333,"Upstream1","After"
2018-07-10,4.99,"Upstream1","After"
2018-07-11,5.84667,"Upstream1","After"
2018-07-12,6.01,"Upstream1","After"
2018-07-13,4.98,"Upstream1","After"
2018-07-14,4.81667,"Upstream1","After"
2018-07-15,5.94667,"Upstream1","After"
2018-07-16,5.46667,"Upstream1","After"
2018-07-17,5.66333,"Upstream1","After"
2018-07-18,5.92667,"Upstream1","After"
2018-07-19,5.76333,"Upstream1","After"
2018-07-20,5.65667,"Upstream1","After"
2018-07-21,5.64667,"Upstream1","After"
2018-07-22,5.64,"Upstream1","After"
2018-07-23,4.93333,"Upstream1","After"
2018-07-24,4.17667,"Upstream1","After"
2018-07-25,0.923333,"Upstream1","After"
2018-07-26,0.0733333,"Upstream1","After"
2018-07-27,0,"Upstream1","After"
2018-07-28,0,"Upstream1","After"
2018-07-29,0,"Upstream1","After"
2018-07-30,0,"Upstream1","After"
2018-07-31,0,"Upstream1","After"
2018-08-01,0,"Upstream1","After"
2018-08-02,0,"Upstream1","After"
2018-08-03,0,"Upstream1","After"
2018-08-04,0,"Upstream1","After"
2018-08-05,0,"Upstream1","After"
2018-08-06,0,"Upstream1","After"
2018-08-07,0,"Upstream1","After"
2018-08-08,0,"Upstream1","After"
2018-08-09,0,"Upstream1","After"
2018-08-10,0,"Upstream1","After"
2018-08-11,5.76667,"Upstream1","After"
2018-08-12,4.99333,"Upstream1","After"
2018-08-13,4.79667,"Upstream1","After"
2018-08-14,0.173333,"Upstream1","After"
2018-08-15,0,"Upstream1","After"
2018-08-16,0,"Upstream1","After"
2018-08-17,0,"Upstream1","After"
2018-08-18,0,"Upstream1","After"
2018-08-19,0,"Upstream1","After"
2018-08-20,0,"Upstream1","After"
2018-08-21,0,"Upstream1","After"
2018-08-22,0,"Upstream1","After"
2018-08-23,0,"Upstream1","After"
2018-08-24,0,"Upstream1","After"
2018-08-25,6.09,"Upstream1","After"
2018-08-26,5.97,"Upstream1","After"
2018-08-27,6.16,"Upstream1","After"
2018-08-28,6.08,"Upstream1","After"
2018-08-29,6.13333,"Upstream1","After"
2018-08-30,6.00667,"Upstream1","After"
2018-08-31,6.05667,"Upstream1","After"
2018-09-01,5.84667,"Upstream1","After"
2018-09-02,5.74667,"Upstream1","After"
2018-09-03,4.97,"Upstream1","After"
2018-09-04,5.17667,"Upstream1","After"
2018-09-05,4.53667,"Upstream1","After"
2018-09-06,6.13667,"Upstream1","After"
2018-09-07,6.03667,"Upstream1","After"
2018-09-08,6.10333,"Upstream1","After"
2018-09-09,5.90667,"Upstream1","After"
2018-09-10,5.77667,"Upstream1","After"
2018-09-11,5.72667,"Upstream1","After"
2018-09-12,3.89,"Upstream1","After"
2018-09-13,2.06333,"Upstream1","After"
2018-09-14,1.49333,"Upstream1","After"
2018-09-15,6.00667,"Upstream1","After"
2018-09-16,5.76667,"Upstream1","After"
2018-09-17,3.24667,"Upstream1","After"
2018-09-18,2.58333,"Upstream1","After"
2018-09-19,1.02,"Upstream1","After"
2018-09-20,1.12667,"Upstream1","After"
2018-09-21,1.73,"Upstream1","After"
2018-09-22,2.20333,"Upstream1","After"
2018-09-23,1.67,"Upstream1","After"
2018-09-24,3.34667,"Upstream1","After"
2018-09-25,3.12333,"Upstream1","After"
2018-09-26,6.91,"Upstream1","After"
2018-09-27,6.91,"Upstream1","After"
2018-09-28,7.38,"Upstream1","After"
2018-09-29,7.60333,"Upstream1","After"
2018-09-30,7.65667,"Upstream1","After"
2018-10-01,7.58,"Upstream1","After"
2018-10-02,7.59,"Upstream1","After"
2018-10-03,7.66333,"Upstream1","After"
2018-10-04,7.78,"Upstream1","After"
2018-10-05,7.55333,"Upstream1","After"
2018-10-06,7.69667,"Upstream1","After"
2018-10-07,7.91667,"Upstream1","After"
2018-10-08,7.88667,"Upstream1","After"
2018-10-09,6.39,"Upstream1","After"
2018-10-10,4.07,"Upstream1","After"
2018-10-11,2.99667,"Upstream1","After"
2018-10-12,3.86333,"Upstream1","After"
2018-10-13,5.49667,"Upstream1","After"
2018-10-14,6.00333,"Upstream1","After"
2018-10-15,0.206667,"Upstream1","After"
2018-10-16,0,"Upstream1","After"
2018-10-17,0,"Upstream1","After"
2018-10-18,0,"Upstream1","After"
2018-10-19,0,"Upstream1","After"
2018-10-20,0,"Upstream1","After"
2018-10-21,0,"Upstream1","After"
2018-10-22,0,"Upstream1","After"
2018-10-23,0.02,"Upstream1","After"
2018-10-24,0.243333,"Upstream1","After"
2018-10-25,0.07,"Upstream1","After"
2018-10-26,0.07,"Upstream1","After"
2018-10-27,0.07,"Upstream1","After"
2018-10-28,0.07,"Upstream1","After"
2018-10-29,0.07,"Upstream1","After"
2018-10-30,0.256667,"Upstream1","After"
2018-10-31,0.07,"Upstream1","After"
2018-11-01,0.09,"Upstream1","After"
2018-11-02,0.103333,"Upstream1","After"
2018-11-03,0.11,"Upstream1","After"
2018-11-04,0.12,"Upstream1","After"
2018-11-05,0.13,"Upstream1","After"
2018-11-06,0.12,"Upstream1","After"
2018-11-07,0.13,"Upstream1","After"
2017-09-22,6.58333,"Upstream2","After"
2017-09-23,6.54,"Upstream2","After"
2017-09-24,6.49667,"Upstream2","After"
2017-09-25,6.49667,"Upstream2","After"
2017-09-26,6.35667,"Upstream2","After"
2017-09-27,6.25667,"Upstream2","After"
2017-09-28,6.04667,"Upstream2","After"
2017-09-29,5.58333,"Upstream2","After"
2017-09-30,6.76,"Upstream2","After"
2017-10-01,6.94,"Upstream2","After"
2017-10-02,7.02,"Upstream2","After"
2017-10-03,6.85,"Upstream2","After"
2017-10-04,7.22667,"Upstream2","After"
2017-10-05,7.02667,"Upstream2","After"
2017-10-06,6.97,"Upstream2","After"
2017-10-07,6.83,"Upstream2","After"
2017-10-08,6.55333,"Upstream2","After"
2017-10-09,6.35333,"Upstream2","After"
2017-10-10,5.96,"Upstream2","After"
2017-10-11,5.71667,"Upstream2","After"
2017-10-12,5.31,"Upstream2","After"
2017-10-13,5.90667,"Upstream2","After"
2017-10-14,5.98,"Upstream2","After"
2017-10-15,6.02667,"Upstream2","After"
2017-10-16,5.91333,"Upstream2","After"
2017-10-17,5.85667,"Upstream2","After"
2017-10-18,7.75667,"Upstream2","After"
2017-10-19,7.67667,"Upstream2","After"
2017-10-20,7.45,"Upstream2","After"
2017-10-21,7.35,"Upstream2","After"
2017-10-22,7.1,"Upstream2","After"
2017-10-23,6.84333,"Upstream2","After"
2017-10-24,7.00667,"Upstream2","After"
2017-10-25,6.93,"Upstream2","After"
2017-10-26,7.34667,"Upstream2","After"
2017-10-27,7.61667,"Upstream2","After"
2017-10-28,7.17333,"Upstream2","After"
2017-10-29,7.21667,"Upstream2","After"
2017-10-30,7.53667,"Upstream2","After"
2017-10-31,7.72333,"Upstream2","After"
2017-11-01,7.32667,"Upstream2","After"
2017-11-02,7.04667,"Upstream2","After"
2017-11-03,7.96,"Upstream2","After"
2017-11-04,7.67667,"Upstream2","After"
2017-11-05,7.85333,"Upstream2","After"
2017-11-06,7.76,"Upstream2","After"
2017-11-07,7.16667,"Upstream2","After"
2017-11-08,7.46667,"Upstream2","After"
2017-11-09,8.07667,"Upstream2","After"
2017-11-10,7.84,"Upstream2","After"
2017-11-11,8.11333,"Upstream2","After"
2017-11-12,8.57667,"Upstream2","After"
2017-11-13,8.15,"Upstream2","After"
2017-11-14,8.80667,"Upstream2","After"
2017-11-15,8.63,"Upstream2","After"
2017-11-16,8.92333,"Upstream2","After"
2017-11-17,8.92667,"Upstream2","After"
2017-11-18,9.74667,"Upstream2","After"
2017-11-19,8.87333,"Upstream2","After"
2017-11-20,9.08,"Upstream2","After"
2017-11-21,9.88667,"Upstream2","After"
2017-11-22,9.31667,"Upstream2","After"
2017-11-23,9.09333,"Upstream2","After"
2017-11-24,9.73,"Upstream2","After"
2017-11-25,9.96667,"Upstream2","After"
2017-11-26,9.51667,"Upstream2","After"
2017-11-27,9.72333,"Upstream2","After"
2017-11-28,10.13,"Upstream2","After"
2017-11-29,9.85667,"Upstream2","After"
2017-11-30,9.63333,"Upstream2","After"
2017-12-01,9.31333,"Upstream2","After"
2017-12-02,9.1,"Upstream2","After"
2017-12-03,9.05,"Upstream2","After"
2017-12-04,9.14,"Upstream2","After"
2017-12-05,9.29667,"Upstream2","After"
2017-12-06,8.94667,"Upstream2","After"
2017-12-07,9.28667,"Upstream2","After"
2017-12-08,9.75667,"Upstream2","After"
2017-12-09,10.5,"Upstream2","After"
2017-12-10,10.71,"Upstream2","After"
2017-12-11,11.03,"Upstream2","After"
2017-12-12,10.77,"Upstream2","After"
2017-12-13,10.7367,"Upstream2","After"
2017-12-14,11.2467,"Upstream2","After"
2017-12-15,10.8667,"Upstream2","After"
2017-12-16,11.0367,"Upstream2","After"
2017-12-17,11.2067,"Upstream2","After"
2017-12-18,10.61,"Upstream2","After"
2017-12-19,10.1333,"Upstream2","After"
2017-12-20,9.52667,"Upstream2","After"
2017-12-21,9.32,"Upstream2","After"
2017-12-22,9.93,"Upstream2","After"
2017-12-23,9.53,"Upstream2","After"
2017-12-24,9.24333,"Upstream2","After"
2017-12-25,9.72667,"Upstream2","After"
2017-12-26,10.8633,"Upstream2","After"
2017-12-27,11.0167,"Upstream2","After"
2017-12-28,11.0567,"Upstream2","After"
2017-12-29,11.8833,"Upstream2","After"
2017-12-30,11.5467,"Upstream2","After"
2017-12-31,10.9,"Upstream2","After"
2018-01-01,11.8667,"Upstream2","After"
2018-01-02,12.4467,"Upstream2","After"
2018-01-03,12.52,"Upstream2","After"
2018-01-04,11.9533,"Upstream2","After"
2018-01-05,12.3533,"Upstream2","After"
2018-01-06,12.86,"Upstream2","After"
2018-01-07,13.0967,"Upstream2","After"
2018-01-08,12.7467,"Upstream2","After"
2018-01-09,11.6833,"Upstream2","After"
2018-01-10,11.0833,"Upstream2","After"
2018-01-11,11.7067,"Upstream2","After"
2018-01-12,10.5633,"Upstream2","After"
2018-01-13,9.17333,"Upstream2","After"
2018-01-14,10.2367,"Upstream2","After"
2018-01-15,12.3967,"Upstream2","After"
2018-01-16,12.6,"Upstream2","After"
2018-01-17,12.0967,"Upstream2","After"
2018-01-18,12.6533,"Upstream2","After"
2018-01-19,12.7533,"Upstream2","After"
2018-01-20,12.34,"Upstream2","After"
2018-01-21,11.9133,"Upstream2","After"
2018-01-22,11.3733,"Upstream2","After"
2018-01-23,10.24,"Upstream2","After"
2018-01-24,9.52333,"Upstream2","After"
2018-01-25,10.9833,"Upstream2","After"
2018-01-26,11.56,"Upstream2","After"
2018-01-27,11.2867,"Upstream2","After"
2018-01-28,9.96333,"Upstream2","After"
2018-01-29,9.45,"Upstream2","After"
2018-01-30,10.2867,"Upstream2","After"
2018-01-31,11.2633,"Upstream2","After"
2018-02-01,11.6233,"Upstream2","After"
2018-02-02,10.5933,"Upstream2","After"
2018-02-03,11.4467,"Upstream2","After"
2018-02-04,11.3833,"Upstream2","After"
2018-02-05,10.9667,"Upstream2","After"
2018-02-06,11.4267,"Upstream2","After"
2018-02-07,10.9033,"Upstream2","After"
2018-02-08,10.37,"Upstream2","After"
2018-02-09,11.19,"Upstream2","After"
2018-02-10,10.91,"Upstream2","After"
2018-02-11,10.04,"Upstream2","After"
2018-02-12,9.24667,"Upstream2","After"
2018-02-13,10.0833,"Upstream2","After"
2018-02-14,10.78,"Upstream2","After"
2018-02-15,9.87667,"Upstream2","After"
2018-02-16,8.87667,"Upstream2","After"
2018-02-17,8.61667,"Upstream2","After"
2018-02-18,9.67667,"Upstream2","After"
2018-02-19,9.64,"Upstream2","After"
2018-02-20,9.59667,"Upstream2","After"
2018-02-21,8.71,"Upstream2","After"
2018-02-22,8.57667,"Upstream2","After"
2018-02-23,8.06,"Upstream2","After"
2018-02-24,8.57,"Upstream2","After"
2018-02-25,7.65,"Upstream2","After"
2018-02-26,7.26,"Upstream2","After"
2018-02-27,8.07333,"Upstream2","After"
2018-02-28,8.71667,"Upstream2","After"
2018-03-01,6.83667,"Upstream2","After"
2018-03-02,7.06667,"Upstream2","After"
2018-03-03,8.73667,"Upstream2","After"
2018-03-04,8.41,"Upstream2","After"
2018-03-05,7.95333,"Upstream2","After"
2018-03-06,8.98,"Upstream2","After"
2018-03-07,7.18667,"Upstream2","After"
2018-03-08,9.45333,"Upstream2","After"
2018-03-09,9.82667,"Upstream2","After"
2018-03-10,9.27667,"Upstream2","After"
2018-03-11,8.89,"Upstream2","After"
2018-03-12,8.28,"Upstream2","After"
2018-03-13,9.75333,"Upstream2","After"
2018-03-14,9.94667,"Upstream2","After"
2018-03-15,10.43,"Upstream2","After"
2018-03-16,10.0167,"Upstream2","After"
2018-03-17,9.98333,"Upstream2","After"
2018-03-18,9.45667,"Upstream2","After"
2018-03-19,9.38,"Upstream2","After"
2018-03-20,8.77667,"Upstream2","After"
2018-03-21,9.59,"Upstream2","After"
2018-03-22,10.3833,"Upstream2","After"
2018-03-23,10.4933,"Upstream2","After"
2018-03-24,10.7233,"Upstream2","After"
2018-03-25,10.8733,"Upstream2","After"
2018-03-26,9.87667,"Upstream2","After"
2018-03-27,11.39,"Upstream2","After"
2018-03-28,11.2033,"Upstream2","After"
2018-03-29,11.1833,"Upstream2","After"
2018-03-30,10.76,"Upstream2","After"
2018-03-31,10.5933,"Upstream2","After"
2018-04-01,10.6033,"Upstream2","After"
2018-04-02,10.44,"Upstream2","After"
2018-04-03,10.0433,"Upstream2","After"
2018-04-04,9.81667,"Upstream2","After"
2018-04-05,9.39,"Upstream2","After"
2018-04-06,9.03667,"Upstream2","After"
2018-04-07,8.51333,"Upstream2","After"
2018-04-08,7.78333,"Upstream2","After"
2018-04-09,5.83,"Upstream2","After"
2018-04-10,7.93,"Upstream2","After"
2018-04-11,9.62,"Upstream2","After"
2018-04-12,9.40333,"Upstream2","After"
2018-04-13,8.58667,"Upstream2","After"
2018-04-14,8.85,"Upstream2","After"
2018-04-15,8.87,"Upstream2","After"
2018-04-16,8.84,"Upstream2","After"
2018-05-08,8.61333,"Upstream2","After"
2018-05-09,8.23,"Upstream2","After"
2018-05-10,7.90667,"Upstream2","After"
2018-05-11,7.88,"Upstream2","After"
2018-05-12,7.77667,"Upstream2","After"
2018-05-13,7.74,"Upstream2","After"
2018-05-14,7.70333,"Upstream2","After"
2018-05-15,7.70667,"Upstream2","After"
2018-05-16,7.75,"Upstream2","After"
2018-05-17,6.65667,"Upstream2","After"
2018-05-18,7.28667,"Upstream2","After"
2018-05-19,7.21333,"Upstream2","After"
2018-05-20,7.38,"Upstream2","After"
2018-05-21,8.25667,"Upstream2","After"
2018-05-22,7.96667,"Upstream2","After"
2018-05-23,7.91,"Upstream2","After"
2018-05-24,7.72333,"Upstream2","After"
2018-05-25,6.96667,"Upstream2","After"
2018-05-26,6.83333,"Upstream2","After"
2018-05-27,6.72333,"Upstream2","After"
2018-05-28,6.69,"Upstream2","After"
2018-05-29,6.46,"Upstream2","After"
2018-05-30,5.88333,"Upstream2","After"
2018-05-31,7.03,"Upstream2","After"
2018-06-01,6.82,"Upstream2","After"
2018-06-02,6.65333,"Upstream2","After"
2018-06-03,6.61333,"Upstream2","After"
2018-06-04,6.54,"Upstream2","After"
2018-06-05,6.37333,"Upstream2","After"
2018-06-06,5.66333,"Upstream2","After"
2018-06-07,5.86,"Upstream2","After"
2018-06-08,6.47,"Upstream2","After"
2018-06-09,6.28333,"Upstream2","After"
2018-06-10,5.96333,"Upstream2","After"
2018-06-11,5.87667,"Upstream2","After"
2018-06-12,6.21,"Upstream2","After"
2018-06-13,5.91,"Upstream2","After"
2018-06-14,5.73667,"Upstream2","After"
2018-06-15,5.76333,"Upstream2","After"
2018-06-16,6.11333,"Upstream2","After"
2018-06-17,6.13,"Upstream2","After"
2018-06-18,6.28,"Upstream2","After"
2018-06-19,6.06333,"Upstream2","After"
2018-06-20,5.91333,"Upstream2","After"
2018-06-21,5.77333,"Upstream2","After"
2018-06-22,5.69333,"Upstream2","After"
2018-06-23,5.38333,"Upstream2","After"
2018-06-24,5.31667,"Upstream2","After"
2018-06-25,5.03333,"Upstream2","After"
2018-06-26,5.27667,"Upstream2","After"
2018-06-27,5.12333,"Upstream2","After"
2018-06-28,5.20667,"Upstream2","After"
2018-06-29,5.98667,"Upstream2","After"
2018-06-30,5.86333,"Upstream2","After"
2018-07-01,5.69,"Upstream2","After"
2018-07-02,5.51667,"Upstream2","After"
2018-07-03,5.67667,"Upstream2","After"
2018-07-04,5.41333,"Upstream2","After"
2018-07-05,5.01,"Upstream2","After"
2018-07-06,4.73,"Upstream2","After"
2018-07-07,4.96667,"Upstream2","After"
2018-07-08,4.57333,"Upstream2","After"
2018-07-09,4.14,"Upstream2","After"
2018-07-10,4.17667,"Upstream2","After"
2018-07-11,6.22667,"Upstream2","After"
2018-07-12,5.95,"Upstream2","After"
2018-07-13,6.10333,"Upstream2","After"
2018-07-14,5.68333,"Upstream2","After"
2018-07-15,5.53,"Upstream2","After"
2018-07-16,4.93333,"Upstream2","After"
2018-07-17,4.42,"Upstream2","After"
2018-07-18,4.72333,"Upstream2","After"
2018-07-19,4.23,"Upstream2","After"
2018-07-20,4.15333,"Upstream2","After"
2018-07-21,5.34333,"Upstream2","After"
2018-07-22,4.56,"Upstream2","After"
2018-07-23,3.87667,"Upstream2","After"
2018-07-24,3.31333,"Upstream2","After"
2018-07-25,3.80333,"Upstream2","After"
2018-07-26,2.93333,"Upstream2","After"
2018-07-27,1.31333,"Upstream2","After"
2018-07-28,0.93,"Upstream2","After"
2018-07-29,3.03,"Upstream2","After"
2018-07-30,6.06,"Upstream2","After"
2018-07-31,5.03333,"Upstream2","After"
2018-08-01,4.65,"Upstream2","After"
2018-08-02,5.50333,"Upstream2","After"
2018-08-03,4.90667,"Upstream2","After"
2018-08-04,6.18667,"Upstream2","After"
2018-08-05,5.64,"Upstream2","After"
2018-08-06,5.12,"Upstream2","After"
2018-08-07,4.96333,"Upstream2","After"
2018-08-08,4.72333,"Upstream2","After"
2018-08-09,4.42,"Upstream2","After"
2018-08-10,4.58667,"Upstream2","After"
2018-08-11,5.85667,"Upstream2","After"
2018-08-12,5.80667,"Upstream2","After"
2018-08-13,6.06,"Upstream2","After"
2018-08-14,5.88,"Upstream2","After"
2018-08-15,5.39,"Upstream2","After"
2018-08-16,5.17667,"Upstream2","After"
2018-08-17,4.96333,"Upstream2","After"
2018-08-18,5.63,"Upstream2","After"
2018-08-19,4.48333,"Upstream2","After"
2018-08-20,5.32333,"Upstream2","After"
2018-08-21,5.23667,"Upstream2","After"
2018-08-22,3.94667,"Upstream2","After"
2018-08-23,3.80333,"Upstream2","After"
2018-08-24,5.44667,"Upstream2","After"
2018-08-25,6.60667,"Upstream2","After"
2018-08-26,6.49,"Upstream2","After"
2018-08-27,6.21667,"Upstream2","After"
2018-08-28,5.63667,"Upstream2","After"
2018-08-29,5.67667,"Upstream2","After"
2018-08-30,5.50667,"Upstream2","After"
2018-08-31,5.77,"Upstream2","After"
2018-09-01,5.54333,"Upstream2","After"
2018-09-02,5.61333,"Upstream2","After"
2018-09-03,5.39333,"Upstream2","After"
2018-09-04,4.74,"Upstream2","After"
2018-09-05,5.16333,"Upstream2","After"
2018-09-06,6.05,"Upstream2","After"
2018-09-07,5.98,"Upstream2","After"
2018-09-08,5.87333,"Upstream2","After"
2018-09-09,5.69333,"Upstream2","After"
2018-09-10,5.79667,"Upstream2","After"
2018-09-11,5.32333,"Upstream2","After"
2018-09-12,4.53333,"Upstream2","After"
2018-09-13,4.19333,"Upstream2","After"
2018-09-14,3.07333,"Upstream2","After"
2018-09-15,5.13,"Upstream2","After"
2018-09-16,5.42,"Upstream2","After"
2018-09-17,5.62667,"Upstream2","After"
2018-09-18,5.00667,"Upstream2","After"
2018-09-19,4.98333,"Upstream2","After"
2018-09-20,1.28333,"Upstream2","After"
2018-09-21,0.7,"Upstream2","After"
2018-09-22,4.14667,"Upstream2","After"
2018-09-23,2.17,"Upstream2","After"
2018-09-24,3.28667,"Upstream2","After"
2018-09-25,4.33667,"Upstream2","After"
2018-09-26,5.31667,"Upstream2","After"
2018-09-27,6.15,"Upstream2","After"
2018-09-28,6.47333,"Upstream2","After"
2018-09-29,6.72667,"Upstream2","After"
2018-09-30,7.01667,"Upstream2","After"
2018-10-01,6.86,"Upstream2","After"
2018-10-02,6.93667,"Upstream2","After"
2018-10-03,6.81667,"Upstream2","After"
2018-10-04,6.73,"Upstream2","After"
2018-10-05,5.48333,"Upstream2","After"
2018-10-06,5.64333,"Upstream2","After"
2018-10-07,6.57333,"Upstream2","After"
2018-10-08,6.29667,"Upstream2","After"
2018-10-09,4.47333,"Upstream2","After"
2018-10-10,2.77,"Upstream2","After"
2018-10-11,2.84333,"Upstream2","After"
2018-10-12,5.44667,"Upstream2","After"
2018-10-13,6.17667,"Upstream2","After"
2018-10-14,6.85333,"Upstream2","After"
2018-10-15,6.91,"Upstream2","After"
2018-10-16,7.63333,"Upstream2","After"
2018-10-17,7.65,"Upstream2","After"
2018-10-18,7.88333,"Upstream2","After"
2018-10-19,6.94667,"Upstream2","After"
2018-10-20,7.01667,"Upstream2","After"
2018-10-21,7.76,"Upstream2","After"
2018-10-22,7.99667,"Upstream2","After"
2018-10-23,7.62333,"Upstream2","After"
2018-10-24,7.33,"Upstream2","After"
2018-10-25,7.69667,"Upstream2","After"
2018-10-26,7.97667,"Upstream2","After"
2018-10-27,7.72333,"Upstream2","After"
2018-10-28,7.4,"Upstream2","After"
2018-10-29,7.82667,"Upstream2","After"
2018-10-30,9.15667,"Upstream2","After"
2018-10-31,8.9,"Upstream2","After"
2018-11-01,8.62333,"Upstream2","After"
2018-11-02,8.36333,"Upstream2","After"
2018-11-03,7.67667,"Upstream2","After"
2018-11-04,8.31333,"Upstream2","After"
2018-11-05,8.3,"Upstream2","After"
2018-11-06,8.04,"Upstream2","After"
2018-11-07,8.84,"Upstream2","After"
2017-09-22,6.27667,"Impoundment1","After"
2017-09-23,6.17667,"Impoundment1","After"
2017-09-24,5.96667,"Impoundment1","After"
2017-09-25,5.74,"Impoundment1","After"
2017-09-26,6.06,"Impoundment1","After"
2017-09-27,5.88,"Impoundment1","After"
2017-09-28,4.69667,"Impoundment1","After"
2017-09-29,4.25,"Impoundment1","After"
2017-09-30,4.76667,"Impoundment1","After"
2017-10-01,5.89667,"Impoundment1","After"
2017-10-02,6,"Impoundment1","After"
2017-10-03,6.33,"Impoundment1","After"
2017-10-04,7.20667,"Impoundment1","After"
2017-10-05,7,"Impoundment1","After"
2017-10-06,6.86333,"Impoundment1","After"
2017-10-07,6.71333,"Impoundment1","After"
2017-10-08,6.40333,"Impoundment1","After"
2017-10-09,6.01667,"Impoundment1","After"
2017-10-10,5.72667,"Impoundment1","After"
2017-10-11,4.31667,"Impoundment1","After"
2017-10-12,4.12,"Impoundment1","After"
2017-10-13,6.35333,"Impoundment1","After"
2017-10-14,6.80333,"Impoundment1","After"
2017-10-15,6.77333,"Impoundment1","After"
2017-10-16,6.53333,"Impoundment1","After"
2017-10-17,6.95333,"Impoundment1","After"
2017-10-18,7.92333,"Impoundment1","After"
2017-10-19,8,"Impoundment1","After"
2017-10-20,7.78,"Impoundment1","After"
2017-10-21,7.65,"Impoundment1","After"
2017-10-22,7.32333,"Impoundment1","After"
2017-10-23,6.71333,"Impoundment1","After"
2017-10-24,5.19333,"Impoundment1","After"
2017-10-25,6.90667,"Impoundment1","After"
2017-10-26,7.74,"Impoundment1","After"
2017-10-27,8.02667,"Impoundment1","After"
2017-10-28,7.32333,"Impoundment1","After"
2017-10-29,7.13,"Impoundment1","After"
2017-10-30,7.17333,"Impoundment1","After"
2017-10-31,7.12333,"Impoundment1","After"
2017-11-01,6.75,"Impoundment1","After"
2017-11-02,6.21667,"Impoundment1","After"
2017-11-03,8.01333,"Impoundment1","After"
2017-11-04,7.68,"Impoundment1","After"
2017-11-05,7.75667,"Impoundment1","After"
2017-11-06,7.51333,"Impoundment1","After"
2017-11-07,6.44,"Impoundment1","After"
2017-11-08,5.6,"Impoundment1","After"
2017-11-09,7.88,"Impoundment1","After"
2017-11-10,7.40667,"Impoundment1","After"
2017-11-11,8.03667,"Impoundment1","After"
2017-11-12,9.16333,"Impoundment1","After"
2017-11-13,5.62667,"Impoundment1","After"
2017-11-14,2.37333,"Impoundment1","After"
2017-11-15,2.35667,"Impoundment1","After"
2017-11-16,2.34,"Impoundment1","After"
2017-11-17,1.88667,"Impoundment1","After"
2017-11-18,9.95667,"Impoundment1","After"
2017-11-19,9.14667,"Impoundment1","After"
2017-11-20,9.31,"Impoundment1","After"
2017-11-21,10.09,"Impoundment1","After"
2017-11-22,9.63333,"Impoundment1","After"
2017-11-23,9.23333,"Impoundment1","After"
2017-11-24,10.11,"Impoundment1","After"
2017-11-25,10.24,"Impoundment1","After"
2017-11-26,10.0933,"Impoundment1","After"
2017-11-27,10.0733,"Impoundment1","After"
2017-11-28,10.4467,"Impoundment1","After"
2017-11-29,10.2767,"Impoundment1","After"
2017-11-30,9.99,"Impoundment1","After"
2017-12-01,9.56667,"Impoundment1","After"
2017-12-02,9.26667,"Impoundment1","After"
2017-12-03,8.68333,"Impoundment1","After"
2017-12-04,7.7,"Impoundment1","After"
2017-12-05,8.58667,"Impoundment1","After"
2017-12-06,9.14667,"Impoundment1","After"
2017-12-07,8.99667,"Impoundment1","After"
2017-12-08,9.84667,"Impoundment1","After"
2017-12-09,10.4333,"Impoundment1","After"
2017-12-10,10.97,"Impoundment1","After"
2017-12-11,11.29,"Impoundment1","After"
2017-12-12,11.2,"Impoundment1","After"
2017-12-13,10.4267,"Impoundment1","After"
2017-12-14,11.4267,"Impoundment1","After"
2017-12-15,11.32,"Impoundment1","After"
2017-12-16,11.2133,"Impoundment1","After"
2017-12-17,11.1733,"Impoundment1","After"
2017-12-18,10.4967,"Impoundment1","After"
2017-12-19,10.0633,"Impoundment1","After"
2017-12-20,8.78667,"Impoundment1","After"
2017-12-21,9.25667,"Impoundment1","After"
2017-12-22,9.32333,"Impoundment1","After"
2017-12-23,8.48,"Impoundment1","After"
2017-12-24,7.46667,"Impoundment1","After"
2017-12-25,7.58667,"Impoundment1","After"
2017-12-26,10.06,"Impoundment1","After"
2017-12-27,10.15,"Impoundment1","After"
2017-12-28,11.1433,"Impoundment1","After"
2017-12-29,11.6533,"Impoundment1","After"
2017-12-30,11.5667,"Impoundment1","After"
2017-12-31,11.16,"Impoundment1","After"
2018-01-01,11.2867,"Impoundment1","After"
2018-01-02,12.1733,"Impoundment1","After"
2018-01-03,12.8,"Impoundment1","After"
2018-01-04,11.6533,"Impoundment1","After"
2018-01-05,12.23,"Impoundment1","After"
2018-01-06,12.8,"Impoundment1","After"
2018-01-07,8.35333,"Impoundment1","After"
2018-01-08,12.8433,"Impoundment1","After"
2018-01-09,12.14,"Impoundment1","After"
2018-01-10,11.1633,"Impoundment1","After"
2018-01-11,11.7167,"Impoundment1","After"
2018-01-12,10.03,"Impoundment1","After"
2018-01-13,8.64,"Impoundment1","After"
2018-01-14,9.6,"Impoundment1","After"
2018-01-15,12.0933,"Impoundment1","After"
2018-01-16,12.7333,"Impoundment1","After"
2018-01-17,12.38,"Impoundment1","After"
2018-01-18,12.5067,"Impoundment1","After"
2018-01-19,12.77,"Impoundment1","After"
2018-01-20,12.1767,"Impoundment1","After"
2018-01-21,12.1533,"Impoundment1","After"
2018-01-22,11.3567,"Impoundment1","After"
2018-01-23,6.87333,"Impoundment1","After"
2018-01-24,5.11667,"Impoundment1","After"
2018-01-25,3.98667,"Impoundment1","After"
2018-01-26,5.89,"Impoundment1","After"
2018-01-27,4.45667,"Impoundment1","After"
2018-01-28,0.583333,"Impoundment1","After"
2018-01-29,2.82333,"Impoundment1","After"
2018-01-30,10.2467,"Impoundment1","After"
2018-01-31,11.32,"Impoundment1","After"
2018-02-01,11.9133,"Impoundment1","After"
2018-02-02,11.0267,"Impoundment1","After"
2018-02-03,11.3267,"Impoundment1","After"
2018-02-04,11.8033,"Impoundment1","After"
2018-02-05,11.0533,"Impoundment1","After"
2018-02-06,11.2967,"Impoundment1","After"
2018-02-07,10.9533,"Impoundment1","After"
2018-02-08,10.29,"Impoundment1","After"
2018-02-09,10.7367,"Impoundment1","After"
2018-02-10,10.9833,"Impoundment1","After"
2018-02-11,9.78,"Impoundment1","After"
2018-02-12,8.66333,"Impoundment1","After"
2018-02-13,8.77,"Impoundment1","After"
2018-02-14,9.95,"Impoundment1","After"
2018-02-15,8.63,"Impoundment1","After"
2018-02-16,7.18333,"Impoundment1","After"
2018-02-17,6.23,"Impoundment1","After"
2018-02-18,8.76333,"Impoundment1","After"
2018-02-19,8.39333,"Impoundment1","After"
2018-02-20,8.79667,"Impoundment1","After"
2018-02-21,8.86,"Impoundment1","After"
2018-02-22,7.97667,"Impoundment1","After"
2018-02-23,7.3,"Impoundment1","After"
2018-02-24,3.69333,"Impoundment1","After"
2018-02-25,0.0766667,"Impoundment1","After"
2018-02-26,4.12333,"Impoundment1","After"
2018-02-27,4.00667,"Impoundment1","After"
2018-02-28,3.20333,"Impoundment1","After"
2018-03-01,4.43333,"Impoundment1","After"
2018-03-02,8.75333,"Impoundment1","After"
2018-03-03,8.64667,"Impoundment1","After"
2018-03-04,8.66667,"Impoundment1","After"
2018-03-05,7.59,"Impoundment1","After"
2018-03-06,8.14667,"Impoundment1","After"
2018-03-07,9.41333,"Impoundment1","After"
2018-03-08,5.51,"Impoundment1","After"
2018-03-09,7.47667,"Impoundment1","After"
2018-03-10,6.33333,"Impoundment1","After"
2018-03-11,5.68667,"Impoundment1","After"
2018-03-12,1.65,"Impoundment1","After"
2018-03-13,11.02,"Impoundment1","After"
2018-03-14,10.56,"Impoundment1","After"
2018-03-15,10.7467,"Impoundment1","After"
2018-03-16,10.1867,"Impoundment1","After"
2018-03-17,9.83333,"Impoundment1","After"
2018-03-18,7.69667,"Impoundment1","After"
2018-03-19,7.42333,"Impoundment1","After"
2018-03-20,8.82667,"Impoundment1","After"
2018-03-21,9.32333,"Impoundment1","After"
2018-03-22,10.2867,"Impoundment1","After"
2018-03-23,10.51,"Impoundment1","After"
2018-03-24,10.6467,"Impoundment1","After"
2018-03-25,10.95,"Impoundment1","After"
2018-03-26,10.85,"Impoundment1","After"
2018-03-27,11.3167,"Impoundment1","After"
2018-03-28,11.5467,"Impoundment1","After"
2018-03-29,11.2567,"Impoundment1","After"
2018-03-30,10.6633,"Impoundment1","After"
2018-03-31,10.5367,"Impoundment1","After"
2018-04-01,10.5767,"Impoundment1","After"
2018-04-02,10.4333,"Impoundment1","After"
2018-04-03,10.05,"Impoundment1","After"
2018-04-04,9.83,"Impoundment1","After"
2018-04-05,9.7,"Impoundment1","After"
2018-04-06,9.30333,"Impoundment1","After"
2018-04-07,8.55667,"Impoundment1","After"
2018-04-08,8.42,"Impoundment1","After"
2018-04-09,9.43,"Impoundment1","After"
2018-04-10,9.88,"Impoundment1","After"
2018-04-11,9.77667,"Impoundment1","After"
2018-04-12,9.73,"Impoundment1","After"
2018-04-13,8.34667,"Impoundment1","After"
2018-04-14,8.00333,"Impoundment1","After"
2018-04-15,8.91667,"Impoundment1","After"
2018-04-16,8.89333,"Impoundment1","After"
2018-05-08,8.40333,"Impoundment1","After"
2018-05-09,8.26,"Impoundment1","After"
2018-05-10,7.72667,"Impoundment1","After"
2018-05-11,7.67333,"Impoundment1","After"
2018-05-12,7.57,"Impoundment1","After"
2018-05-13,7.52667,"Impoundment1","After"
2018-05-14,7.51667,"Impoundment1","After"
2018-05-15,7.49,"Impoundment1","After"
2018-05-16,7.64333,"Impoundment1","After"
2018-05-17,6.53667,"Impoundment1","After"
2018-05-18,7.22667,"Impoundment1","After"
2018-05-19,7.22667,"Impoundment1","After"
2018-05-20,7.33667,"Impoundment1","After"
2018-05-21,8.17333,"Impoundment1","After"
2018-05-22,7.93,"Impoundment1","After"
2018-05-23,7.94,"Impoundment1","After"
2018-05-24,7.68667,"Impoundment1","After"
2018-05-25,6.64667,"Impoundment1","After"
2018-05-26,6.07667,"Impoundment1","After"
2018-05-27,6.13667,"Impoundment1","After"
2018-05-28,5.99667,"Impoundment1","After"
2018-05-29,6.15333,"Impoundment1","After"
2018-05-30,6.29667,"Impoundment1","After"
2018-05-31,6.97333,"Impoundment1","After"
2018-06-01,7.00667,"Impoundment1","After"
2018-06-02,6.88,"Impoundment1","After"
2018-06-03,7.04333,"Impoundment1","After"
2018-06-04,6.84333,"Impoundment1","After"
2018-06-05,6.82333,"Impoundment1","After"
2018-06-06,6.27333,"Impoundment1","After"
2018-06-07,6.15,"Impoundment1","After"
2018-06-08,6.40667,"Impoundment1","After"
2018-06-09,6.28333,"Impoundment1","After"
2018-06-10,5.96333,"Impoundment1","After"
2018-06-11,5.69667,"Impoundment1","After"
2018-06-12,6.11,"Impoundment1","After"
2018-06-13,6.71,"Impoundment1","After"
2018-06-14,6.38,"Impoundment1","After"
2018-06-15,5.98667,"Impoundment1","After"
2018-06-16,5.89333,"Impoundment1","After"
2018-06-17,4.73,"Impoundment1","After"
2018-06-18,4.41667,"Impoundment1","After"
2018-06-19,4.63,"Impoundment1","After"
2018-06-20,5.11667,"Impoundment1","After"
2018-06-21,5.93667,"Impoundment1","After"
2018-06-22,5.37,"Impoundment1","After"
2018-06-23,5.38,"Impoundment1","After"
2018-06-24,4.89667,"Impoundment1","After"
2018-06-25,5.26667,"Impoundment1","After"
2018-06-26,3.77333,"Impoundment1","After"
2018-06-27,5.36,"Impoundment1","After"
2018-06-28,2.13333,"Impoundment1","After"
2018-06-29,5.94667,"Impoundment1","After"
2018-06-30,5.79333,"Impoundment1","After"
2018-07-01,5.59333,"Impoundment1","After"
2018-07-02,5.43333,"Impoundment1","After"
2018-07-03,5.26333,"Impoundment1","After"
2018-07-04,5.48333,"Impoundment1","After"
2018-07-05,5.32,"Impoundment1","After"
2018-07-06,5.26667,"Impoundment1","After"
2018-07-07,4.70333,"Impoundment1","After"
2018-07-08,5.94667,"Impoundment1","After"
2018-07-09,5.84667,"Impoundment1","After"
2018-07-10,4.99667,"Impoundment1","After"
2018-07-11,6.24,"Impoundment1","After"
2018-07-12,5.9,"Impoundment1","After"
2018-07-13,6.17333,"Impoundment1","After"
2018-07-14,5.71,"Impoundment1","After"
2018-07-15,5.57333,"Impoundment1","After"
2018-07-16,4.08333,"Impoundment1","After"
2018-07-17,4.42,"Impoundment1","After"
2018-07-18,3.31667,"Impoundment1","After"
2018-07-19,2.29667,"Impoundment1","After"
2018-07-20,1.18,"Impoundment1","After"
2018-07-21,0.983333,"Impoundment1","After"
2018-07-22,1.85333,"Impoundment1","After"
2018-07-23,3.37333,"Impoundment1","After"
2018-07-24,2.97333,"Impoundment1","After"
2018-07-25,0.653333,"Impoundment1","After"
2018-07-26,2.06667,"Impoundment1","After"
2018-07-27,0.806667,"Impoundment1","After"
2018-07-28,0.786667,"Impoundment1","After"
2018-07-29,1.33667,"Impoundment1","After"
2018-07-30,3.76333,"Impoundment1","After"
2018-07-31,4.81667,"Impoundment1","After"
2018-08-01,2.75,"Impoundment1","After"
2018-08-02,0.103333,"Impoundment1","After"
2018-08-03,0.0233333,"Impoundment1","After"
2018-08-04,6.26,"Impoundment1","After"
2018-08-05,5.47333,"Impoundment1","After"
2018-08-06,4.75,"Impoundment1","After"
2018-08-07,4.27333,"Impoundment1","After"
2018-08-08,3.22333,"Impoundment1","After"
2018-08-09,3.21667,"Impoundment1","After"
2018-08-10,2.78,"Impoundment1","After"
2018-08-11,5.45333,"Impoundment1","After"
2018-08-12,5.87667,"Impoundment1","After"
2018-08-13,6.13333,"Impoundment1","After"
2018-08-14,6.30333,"Impoundment1","After"
2018-08-15,6.4,"Impoundment1","After"
2018-08-16,6.31333,"Impoundment1","After"
2018-08-17,6.16333,"Impoundment1","After"
2018-08-18,6.06667,"Impoundment1","After"
2018-08-19,6.12333,"Impoundment1","After"
2018-08-20,6.14333,"Impoundment1","After"
2018-08-21,6.14333,"Impoundment1","After"
2018-08-22,6.09667,"Impoundment1","After"
2018-08-23,6.07667,"Impoundment1","After"
2018-08-24,6.24667,"Impoundment1","After"
2018-08-25,6.74667,"Impoundment1","After"
2018-08-26,6.68333,"Impoundment1","After"
2018-08-27,6.39667,"Impoundment1","After"
2018-08-28,5.75667,"Impoundment1","After"
2018-08-29,6.15333,"Impoundment1","After"
2018-08-30,6.00333,"Impoundment1","After"
2018-08-31,6.09667,"Impoundment1","After"
2018-09-01,5.85667,"Impoundment1","After"
2018-09-02,6.01333,"Impoundment1","After"
2018-09-03,5.91333,"Impoundment1","After"
2018-09-04,5.54,"Impoundment1","After"
2018-09-05,5.19333,"Impoundment1","After"
2019-05-16,7.25667,"Impoundment1","After"
2019-05-17,6.96,"Impoundment1","After"
2019-05-18,6.63333,"Impoundment1","After"
2019-05-19,6.41667,"Impoundment1","After"
2019-05-20,6.30333,"Impoundment1","After"
2019-05-21,6.11333,"Impoundment1","After"
2019-05-22,6.24333,"Impoundment1","After"
2019-05-23,6.59667,"Impoundment1","After"
2019-05-24,6.40333,"Impoundment1","After"
2019-05-25,6.10333,"Impoundment1","After"
2019-05-26,5.78667,"Impoundment1","After"
2019-05-27,5.64,"Impoundment1","After"
2019-05-28,5.52,"Impoundment1","After"
2019-05-29,5.82667,"Impoundment1","After"
2019-05-30,5.86333,"Impoundment1","After"
2019-05-31,5.69,"Impoundment1","After"
2019-06-01,4.97,"Impoundment1","After"
2019-06-02,5.42667,"Impoundment1","After"
2019-06-03,4.83,"Impoundment1","After"
2019-06-04,6.21667,"Impoundment1","After"
2019-06-05,6.24333,"Impoundment1","After"
2019-06-06,5.65,"Impoundment1","After"
2019-06-07,5.62333,"Impoundment1","After"
2019-06-08,6.03667,"Impoundment1","After"
2019-06-09,5.99,"Impoundment1","After"
2019-06-10,6.03333,"Impoundment1","After"
2019-06-11,5.85,"Impoundment1","After"
2019-06-12,5.21667,"Impoundment1","After"
2019-06-13,6.11,"Impoundment1","After"
2019-06-14,5.49,"Impoundment1","After"
2019-06-15,1.82333,"Impoundment1","After"
2019-06-16,0.37,"Impoundment1","After"
2019-06-17,0.16,"Impoundment1","After"
2019-06-18,0.04,"Impoundment1","After"
2019-06-19,0.0233333,"Impoundment1","After"
2019-06-20,0.04,"Impoundment1","After"
2019-06-21,0.0366667,"Impoundment1","After"
2019-06-22,6.76,"Impoundment1","After"
2019-06-23,6.88333,"Impoundment1","After"
2019-06-24,6.72,"Impoundment1","After"
2019-06-25,6.48667,"Impoundment1","After"
2019-06-26,6.18,"Impoundment1","After"
2019-06-27,5.47667,"Impoundment1","After"
2019-06-28,5.71333,"Impoundment1","After"
2019-06-29,3.91333,"Impoundment1","After"
2019-06-30,1.86667,"Impoundment1","After"
2019-07-01,0.74,"Impoundment1","After"
2019-07-02,0.753333,"Impoundment1","After"
2019-07-03,0.576667,"Impoundment1","After"
2019-07-04,0.273333,"Impoundment1","After"
2019-07-05,0.346667,"Impoundment1","After"
2019-07-06,0.166667,"Impoundment1","After"
2019-07-07,0.0233333,"Impoundment1","After"
2019-07-08,0.01,"Impoundment1","After"
2019-07-09,0.0166667,"Impoundment1","After"
2019-07-10,0.01,"Impoundment1","After"
2017-09-22,7.54667,"Downstream1","After"
2017-09-23,7.64667,"Downstream1","After"
2017-09-24,7.74,"Downstream1","After"
2017-09-25,7.64,"Downstream1","After"
2017-09-26,7.59333,"Downstream1","After"
2017-09-27,7.65333,"Downstream1","After"
2017-09-28,7.72,"Downstream1","After"
2017-09-29,7.41333,"Downstream1","After"
2017-09-30,7.67667,"Downstream1","After"
2017-10-01,8.41333,"Downstream1","After"
2017-10-02,8.55333,"Downstream1","After"
2017-10-03,8.62333,"Downstream1","After"
2017-10-04,8.76333,"Downstream1","After"
2017-10-05,8.54667,"Downstream1","After"
2017-10-06,8.21667,"Downstream1","After"
2017-10-07,8.53,"Downstream1","After"
2017-10-08,8.18333,"Downstream1","After"
2017-10-09,8.13667,"Downstream1","After"
2017-10-10,7.85333,"Downstream1","After"
2017-10-11,7.78,"Downstream1","After"
2017-10-12,7.46667,"Downstream1","After"
2017-10-13,7.47667,"Downstream1","After"
2017-10-14,7.91333,"Downstream1","After"
2017-10-15,7.54667,"Downstream1","After"
2017-10-16,7.13333,"Downstream1","After"
2017-10-17,7.89,"Downstream1","After"
2017-10-18,9.37667,"Downstream1","After"
2017-10-19,9.47667,"Downstream1","After"
2017-10-20,9.35333,"Downstream1","After"
2017-10-21,9.15,"Downstream1","After"
2017-10-22,9.09,"Downstream1","After"
2017-10-23,8.80667,"Downstream1","After"
2017-10-24,8.60333,"Downstream1","After"
2017-10-25,8.6,"Downstream1","After"
2017-10-26,9.06333,"Downstream1","After"
2017-10-27,9.86,"Downstream1","After"
2017-10-28,9.66667,"Downstream1","After"
2017-10-29,9.16667,"Downstream1","After"
2017-10-30,9.21333,"Downstream1","After"
2017-10-31,9.88333,"Downstream1","After"
2017-11-01,9.69,"Downstream1","After"
2017-11-02,9.41,"Downstream1","After"
2017-11-03,9.11,"Downstream1","After"
2017-11-04,9.08333,"Downstream1","After"
2017-11-05,9.41667,"Downstream1","After"
2017-11-06,9.27333,"Downstream1","After"
2017-11-07,9.1,"Downstream1","After"
2017-11-08,9.11,"Downstream1","After"
2017-11-09,9.96333,"Downstream1","After"
2017-11-10,10.0833,"Downstream1","After"
2017-11-11,10.15,"Downstream1","After"
2017-11-12,10.89,"Downstream1","After"
2017-11-13,10.5467,"Downstream1","After"
2017-11-14,9.89333,"Downstream1","After"
2017-11-15,9.14667,"Downstream1","After"
2017-11-16,9.47667,"Downstream1","After"
2017-11-17,10.01,"Downstream1","After"
2017-11-18,9.97,"Downstream1","After"
2017-11-19,9.68667,"Downstream1","After"
2017-11-20,9.81,"Downstream1","After"
2017-11-21,10.2067,"Downstream1","After"
2017-11-22,10.0667,"Downstream1","After"
2017-11-23,9.94667,"Downstream1","After"
2017-11-24,10.3233,"Downstream1","After"
2017-11-25,10.6267,"Downstream1","After"
2017-11-26,10.47,"Downstream1","After"
2017-11-27,10.3767,"Downstream1","After"
2017-11-28,10.6133,"Downstream1","After"
2017-11-29,10.5667,"Downstream1","After"
2017-11-30,10.2833,"Downstream1","After"
2017-12-01,10.11,"Downstream1","After"
2017-12-02,9.79,"Downstream1","After"
2017-12-03,9.82333,"Downstream1","After"
2017-12-04,9.87667,"Downstream1","After"
2017-12-05,9.78333,"Downstream1","After"
2017-12-06,9.65667,"Downstream1","After"
2017-12-07,9.91667,"Downstream1","After"
2017-12-08,10.0733,"Downstream1","After"
2017-12-09,10.6667,"Downstream1","After"
2017-12-10,10.9833,"Downstream1","After"
2017-12-11,10.9267,"Downstream1","After"
2017-12-12,10.8533,"Downstream1","After"
2017-12-13,11.0967,"Downstream1","After"
2017-12-14,11.11,"Downstream1","After"
2017-12-15,11.2567,"Downstream1","After"
2017-12-16,11.2967,"Downstream1","After"
2017-12-17,11.42,"Downstream1","After"
2017-12-18,10.8033,"Downstream1","After"
2017-12-19,10.51,"Downstream1","After"
2017-12-20,10,"Downstream1","After"
2017-12-21,9.20333,"Downstream1","After"
2017-12-22,10.3133,"Downstream1","After"
2017-12-23,10.37,"Downstream1","After"
2017-12-24,9.67333,"Downstream1","After"
2017-12-25,5.67333,"Downstream1","After"
2017-12-26,10.9667,"Downstream1","After"
2017-12-27,5.15,"Downstream1","After"
2017-12-28,0.0166667,"Downstream1","After"
2017-12-29,0.0566667,"Downstream1","After"
2017-12-30,6.33667,"Downstream1","After"
2017-12-31,0.0366667,"Downstream1","After"
2018-01-01,0.466667,"Downstream1","After"
2018-01-02,0.05,"Downstream1","After"
2018-01-03,0,"Downstream1","After"
2018-01-04,0.0133333,"Downstream1","After"
2018-01-05,0.0766667,"Downstream1","After"
2018-01-06,2.88333,"Downstream1","After"
2018-01-07,2.50333,"Downstream1","After"
2018-01-08,1.34333,"Downstream1","After"
2018-01-09,6.97333,"Downstream1","After"
2018-01-10,0.376667,"Downstream1","After"
2018-01-11,11.2567,"Downstream1","After"
2018-01-12,10.0467,"Downstream1","After"
2018-01-13,9.53333,"Downstream1","After"
2018-01-14,10.1567,"Downstream1","After"
2018-01-15,12.1067,"Downstream1","After"
2018-01-16,12.53,"Downstream1","After"
2018-01-17,12.43,"Downstream1","After"
2018-01-18,12.83,"Downstream1","After"
2018-01-19,12.68,"Downstream1","After"
2018-01-20,12.2767,"Downstream1","After"
2018-01-21,11.7133,"Downstream1","After"
2018-01-22,11.3133,"Downstream1","After"
2018-01-23,10.3433,"Downstream1","After"
2018-01-24,10.35,"Downstream1","After"
2018-01-25,10.92,"Downstream1","After"
2018-01-26,11.7167,"Downstream1","After"
2018-01-27,10.9067,"Downstream1","After"
2018-01-28,10.56,"Downstream1","After"
2018-01-29,9.92333,"Downstream1","After"
2018-01-30,10.1767,"Downstream1","After"
2018-01-31,11.2267,"Downstream1","After"
2018-02-01,11.1867,"Downstream1","After"
2018-02-02,10.1567,"Downstream1","After"
2018-02-03,7.95,"Downstream1","After"
2018-02-04,9.65,"Downstream1","After"
2018-02-05,10.4733,"Downstream1","After"
2018-02-06,10.7567,"Downstream1","After"
2018-02-07,10.47,"Downstream1","After"
2018-02-08,5.84667,"Downstream1","After"
2018-02-09,8.08333,"Downstream1","After"
2018-02-10,8.69333,"Downstream1","After"
2018-02-11,8.12333,"Downstream1","After"
2018-02-12,6.18,"Downstream1","After"
2018-02-13,6.78,"Downstream1","After"
2018-02-14,8.29,"Downstream1","After"
2018-02-15,7.02,"Downstream1","After"
2018-02-16,5.28,"Downstream1","After"
2018-02-17,7.23667,"Downstream1","After"
2018-02-18,7.12333,"Downstream1","After"
2018-02-19,7.64333,"Downstream1","After"
2018-02-20,8.49667,"Downstream1","After"
2018-02-21,6.49,"Downstream1","After"
2018-02-22,6.47,"Downstream1","After"
2018-02-23,6.85333,"Downstream1","After"
2018-02-24,3.37667,"Downstream1","After"
2018-02-25,3.08667,"Downstream1","After"
2018-02-26,4.3,"Downstream1","After"
2018-02-27,6.61333,"Downstream1","After"
2018-02-28,6.80333,"Downstream1","After"
2018-03-01,4.96333,"Downstream1","After"
2018-03-02,7.29333,"Downstream1","After"
2018-03-03,5.47333,"Downstream1","After"
2018-03-04,7.79667,"Downstream1","After"
2018-03-05,7.85333,"Downstream1","After"
2018-03-06,5.69,"Downstream1","After"
2018-03-07,7.01667,"Downstream1","After"
2018-03-08,7.53,"Downstream1","After"
2018-03-09,4.11,"Downstream1","After"
2018-03-10,8.21333,"Downstream1","After"
2018-03-11,3.76333,"Downstream1","After"
2018-03-12,3.8,"Downstream1","After"
2018-03-13,10.1467,"Downstream1","After"
2018-03-14,6.71667,"Downstream1","After"
2018-03-15,8.90667,"Downstream1","After"
2018-03-16,3.01667,"Downstream1","After"
2018-03-17,1.7,"Downstream1","After"
2018-03-18,5.39667,"Downstream1","After"
2018-03-19,5.88333,"Downstream1","After"
2018-03-20,5.46,"Downstream1","After"
2018-03-21,9.45333,"Downstream1","After"
2018-03-22,10.3767,"Downstream1","After"
2018-03-23,10.2967,"Downstream1","After"
2018-03-24,10.25,"Downstream1","After"
2018-03-25,10.5,"Downstream1","After"
2018-03-26,10.4633,"Downstream1","After"
2018-03-27,10.77,"Downstream1","After"
2018-03-28,10.7933,"Downstream1","After"
2018-03-29,10.24,"Downstream1","After"
2018-03-30,9.94333,"Downstream1","After"
2018-03-31,10.0833,"Downstream1","After"
2018-04-01,10.1133,"Downstream1","After"
2018-04-02,9.54,"Downstream1","After"
2018-04-03,9.16333,"Downstream1","After"
2018-04-04,8.83667,"Downstream1","After"
2018-04-05,8.52667,"Downstream1","After"
2018-04-06,8.39667,"Downstream1","After"
2018-04-07,1.31667,"Downstream1","After"
2018-04-08,5.56667,"Downstream1","After"
2018-04-09,7.27,"Downstream1","After"
2018-04-10,7.01667,"Downstream1","After"
2018-04-11,7.84667,"Downstream1","After"
2018-04-12,7.76333,"Downstream1","After"
2018-04-13,9.21667,"Downstream1","After"
2018-04-14,8.57,"Downstream1","After"
2018-04-15,6.38667,"Downstream1","After"
2018-04-16,6.19667,"Downstream1","After"
2018-04-17,7.10333,"Downstream1","After"
2018-04-18,9.28,"Downstream1","After"
2018-04-19,9.19,"Downstream1","After"
2018-07-10,7.13333,"Downstream1","After"
2018-07-11,6.77667,"Downstream1","After"
2018-07-12,6.46,"Downstream1","After"
2018-07-13,6.67,"Downstream1","After"
2018-07-14,6.70667,"Downstream1","After"
2018-07-15,6.61,"Downstream1","After"
2018-07-16,6.42333,"Downstream1","After"
2018-07-17,6.04667,"Downstream1","After"
2018-07-18,5.36333,"Downstream1","After"
2018-07-19,5.96,"Downstream1","After"
2018-07-20,6.45667,"Downstream1","After"
2018-07-21,6.19667,"Downstream1","After"
2018-07-22,6.29,"Downstream1","After"
2018-07-23,6.08667,"Downstream1","After"
2018-07-24,5.99667,"Downstream1","After"
2018-07-25,2.35,"Downstream1","After"
2018-07-26,0.83,"Downstream1","After"
2018-07-27,0.61,"Downstream1","After"
2018-07-28,0.743333,"Downstream1","After"
2018-07-29,0.39,"Downstream1","After"
2018-07-30,0,"Downstream1","After"
2018-07-31,0,"Downstream1","After"
2018-08-01,0.07,"Downstream1","After"
2018-08-02,0.08,"Downstream1","After"
2018-08-03,0.0533333,"Downstream1","After"
2018-08-04,0.0466667,"Downstream1","After"
2018-08-05,0.976667,"Downstream1","After"
2018-08-06,2.75,"Downstream1","After"
2018-08-07,4.51333,"Downstream1","After"
2018-08-08,4.49,"Downstream1","After"
2018-08-09,2.74,"Downstream1","After"
2018-08-10,1.93333,"Downstream1","After"
2018-08-11,6.69667,"Downstream1","After"
2018-08-12,6.10333,"Downstream1","After"
2018-08-13,6.01,"Downstream1","After"
2018-08-14,6.41333,"Downstream1","After"
2018-08-15,6.60667,"Downstream1","After"
2018-08-16,6.45,"Downstream1","After"
2018-08-17,5.81667,"Downstream1","After"
2018-08-18,6.03333,"Downstream1","After"
2018-08-19,6.22,"Downstream1","After"
2018-08-20,5.08333,"Downstream1","After"
2018-08-21,4.66333,"Downstream1","After"
2018-08-22,4.32667,"Downstream1","After"
2018-08-23,5.44,"Downstream1","After"
2018-08-24,2.84667,"Downstream1","After"
2018-08-25,7.28333,"Downstream1","After"
2018-08-26,7.20333,"Downstream1","After"
2018-08-27,6.97333,"Downstream1","After"
2018-08-28,5.87,"Downstream1","After"
2018-08-29,5.97,"Downstream1","After"
2018-08-30,5.87667,"Downstream1","After"
2018-08-31,5.92,"Downstream1","After"
2018-09-01,5.48333,"Downstream1","After"
2018-09-02,5.71667,"Downstream1","After"
2018-09-03,6.38,"Downstream1","After"
2018-09-04,6.37,"Downstream1","After"
2017-09-22,6.54333,"Downstream2B","After"
2017-09-23,6.49,"Downstream2B","After"
2017-09-24,6.49,"Downstream2B","After"
2017-09-25,6.49667,"Downstream2B","After"
2017-09-26,6.5,"Downstream2B","After"
2017-09-27,6.49333,"Downstream2B","After"
2017-09-28,6.19,"Downstream2B","After"
2017-09-29,5.72333,"Downstream2B","After"
2017-09-30,6.06667,"Downstream2B","After"
2017-10-01,7.16667,"Downstream2B","After"
2017-10-02,7.47,"Downstream2B","After"
2017-10-03,7.59667,"Downstream2B","After"
2017-10-04,7.75,"Downstream2B","After"
2017-10-05,7.43667,"Downstream2B","After"
2017-10-06,7.25333,"Downstream2B","After"
2017-10-07,7.14333,"Downstream2B","After"
2017-10-08,6.75333,"Downstream2B","After"
2017-10-09,6.43333,"Downstream2B","After"
2017-10-10,6.05667,"Downstream2B","After"
2017-10-11,5.61,"Downstream2B","After"
2017-10-12,4.6,"Downstream2B","After"
2017-10-13,6.14333,"Downstream2B","After"
2017-10-14,2.64,"Downstream2B","After"
2017-10-15,2.47,"Downstream2B","After"
2017-10-16,0.00333333,"Downstream2B","After"
2017-10-17,0.0733333,"Downstream2B","After"
2017-10-18,8.19333,"Downstream2B","After"
2017-10-19,8.44,"Downstream2B","After"
2017-10-20,8.17,"Downstream2B","After"
2017-10-21,8.29667,"Downstream2B","After"
2017-10-22,8.11333,"Downstream2B","After"
2017-10-23,7.84333,"Downstream2B","After"
2017-10-24,6.8,"Downstream2B","After"
2017-10-25,7.77667,"Downstream2B","After"
2017-10-26,8.13,"Downstream2B","After"
2017-10-27,8.77,"Downstream2B","After"
2017-10-28,8.82,"Downstream2B","After"
2017-10-29,8.02,"Downstream2B","After"
2017-10-30,8.03333,"Downstream2B","After"
2017-10-31,8.84333,"Downstream2B","After"
2017-11-01,8.34333,"Downstream2B","After"
2017-11-02,7.4,"Downstream2B","After"
2017-11-03,8.55667,"Downstream2B","After"
2017-11-04,8.23667,"Downstream2B","After"
2017-11-05,8.19333,"Downstream2B","After"
2017-11-06,8.07,"Downstream2B","After"
2017-11-07,7.66333,"Downstream2B","After"
2017-11-08,7.85,"Downstream2B","After"
2017-11-09,8.74333,"Downstream2B","After"
2017-11-10,9.04,"Downstream2B","After"
2017-11-11,9.27,"Downstream2B","After"
2017-11-12,10.2033,"Downstream2B","After"
2017-11-13,9.88667,"Downstream2B","After"
2017-11-14,9.81,"Downstream2B","After"
2017-11-15,9.64333,"Downstream2B","After"
2017-11-16,9.47,"Downstream2B","After"
2017-11-17,9.12333,"Downstream2B","After"
2017-11-18,10.19,"Downstream2B","After"
2017-11-19,9.48667,"Downstream2B","After"
2017-11-20,9.39667,"Downstream2B","After"
2017-11-21,10.0533,"Downstream2B","After"
2017-11-22,9.77667,"Downstream2B","After"
2017-11-23,9.45,"Downstream2B","After"
2017-11-24,9.97,"Downstream2B","After"
2017-11-25,10.23,"Downstream2B","After"
2017-11-26,10.0367,"Downstream2B","After"
2017-11-27,9.88,"Downstream2B","After"
2017-11-28,10.18,"Downstream2B","After"
2017-11-29,9.9,"Downstream2B","After"
2017-11-30,9.66,"Downstream2B","After"
2017-12-01,9.51333,"Downstream2B","After"
2017-12-02,9.10667,"Downstream2B","After"
2017-12-03,8.98667,"Downstream2B","After"
2017-12-04,9.03667,"Downstream2B","After"
2017-12-05,9.21333,"Downstream2B","After"
2017-12-06,9.18667,"Downstream2B","After"
2017-12-07,9.22333,"Downstream2B","After"
2017-12-08,9.65667,"Downstream2B","After"
2017-12-09,10.3433,"Downstream2B","After"
2017-12-10,11.01,"Downstream2B","After"
2017-12-11,11.4133,"Downstream2B","After"
2017-12-12,11.1367,"Downstream2B","After"
2017-12-13,10.72,"Downstream2B","After"
2017-12-14,10.79,"Downstream2B","After"
2017-12-15,10.9467,"Downstream2B","After"
2017-12-16,10.8533,"Downstream2B","After"
2017-12-17,10.8933,"Downstream2B","After"
2017-12-18,10.0767,"Downstream2B","After"
2017-12-19,8.96,"Downstream2B","After"
2017-12-20,8.51,"Downstream2B","After"
2017-12-21,8.27,"Downstream2B","After"
2017-12-22,8.86667,"Downstream2B","After"
2017-12-23,8.66667,"Downstream2B","After"
2017-12-24,7.29667,"Downstream2B","After"
2017-12-25,6.97333,"Downstream2B","After"
2017-12-26,8.39,"Downstream2B","After"
2017-12-27,8.68667,"Downstream2B","After"
2017-12-28,9.01667,"Downstream2B","After"
2017-12-29,9.33667,"Downstream2B","After"
2017-12-30,9.19,"Downstream2B","After"
2017-12-31,9.07667,"Downstream2B","After"
2018-01-01,9.23667,"Downstream2B","After"
2018-01-02,9.94,"Downstream2B","After"
2018-01-03,10.3,"Downstream2B","After"
2018-01-04,10.2533,"Downstream2B","After"
2018-01-05,8.81667,"Downstream2B","After"
2018-01-06,8.91667,"Downstream2B","After"
2018-01-07,8.33667,"Downstream2B","After"
2018-01-08,8.76333,"Downstream2B","After"
2018-01-09,9.74667,"Downstream2B","After"
2018-01-10,7.83,"Downstream2B","After"
2018-01-11,11.71,"Downstream2B","After"
2018-01-12,10.33,"Downstream2B","After"
2018-01-13,8.56667,"Downstream2B","After"
2018-01-14,9.68333,"Downstream2B","After"
2018-01-15,11.54,"Downstream2B","After"
2018-01-16,12.5967,"Downstream2B","After"
2018-01-17,12.47,"Downstream2B","After"
2018-01-18,12.78,"Downstream2B","After"
2018-01-19,12.9967,"Downstream2B","After"
2018-01-20,12.6433,"Downstream2B","After"
2018-01-21,12.1967,"Downstream2B","After"
2018-01-22,11.43,"Downstream2B","After"
2018-01-23,9.73667,"Downstream2B","After"
2018-01-24,9.62333,"Downstream2B","After"
2018-01-25,10.6667,"Downstream2B","After"
2018-01-26,11.2,"Downstream2B","After"
2018-01-27,11.33,"Downstream2B","After"
2018-01-28,10.25,"Downstream2B","After"
2018-01-29,9.22667,"Downstream2B","After"
2018-01-30,10.2333,"Downstream2B","After"
2018-01-31,10.5467,"Downstream2B","After"
2018-02-01,11.0133,"Downstream2B","After"
2018-02-02,10.3667,"Downstream2B","After"
2018-02-03,10.5533,"Downstream2B","After"
2018-02-04,10.7,"Downstream2B","After"
2018-02-05,10.3367,"Downstream2B","After"
2018-02-06,10.5967,"Downstream2B","After"
2018-02-07,9.60333,"Downstream2B","After"
2018-02-08,8.69,"Downstream2B","After"
2018-02-09,9.06333,"Downstream2B","After"
2018-02-10,8.90333,"Downstream2B","After"
2018-02-11,7.31333,"Downstream2B","After"
2018-02-12,4.86667,"Downstream2B","After"
2018-02-13,4.87,"Downstream2B","After"
2018-02-14,8.24667,"Downstream2B","After"
2018-02-15,7.60333,"Downstream2B","After"
2018-02-16,5.35,"Downstream2B","After"
2018-02-17,3.76333,"Downstream2B","After"
2018-02-18,5.06667,"Downstream2B","After"
2018-02-19,6.43667,"Downstream2B","After"
2018-02-20,7.37667,"Downstream2B","After"
2018-02-21,5.37667,"Downstream2B","After"
2018-02-22,4.48333,"Downstream2B","After"
2018-02-23,4.28,"Downstream2B","After"
2018-02-24,4.12333,"Downstream2B","After"
2018-02-25,3.59333,"Downstream2B","After"
2018-02-26,4.01333,"Downstream2B","After"
2018-02-27,3.99333,"Downstream2B","After"
2018-02-28,5.28667,"Downstream2B","After"
2018-03-01,5.82,"Downstream2B","After"
2018-03-02,6.63333,"Downstream2B","After"
2018-03-03,7.18,"Downstream2B","After"
2018-03-04,6.81667,"Downstream2B","After"
2018-03-05,6.99333,"Downstream2B","After"
2018-03-06,6.81,"Downstream2B","After"
2018-03-07,7.42,"Downstream2B","After"
2018-03-08,8.71667,"Downstream2B","After"
2018-03-09,8.84667,"Downstream2B","After"
2018-03-10,8.49333,"Downstream2B","After"
2018-03-11,7.87333,"Downstream2B","After"
2018-03-12,8.26333,"Downstream2B","After"
2018-03-13,9.57,"Downstream2B","After"
2018-03-14,9.05,"Downstream2B","After"
2018-03-15,8.4,"Downstream2B","After"
2018-05-08,8.42333,"Downstream2B","After"
2018-05-09,7.94667,"Downstream2B","After"
2018-05-10,7.58667,"Downstream2B","After"
2018-05-11,7.28333,"Downstream2B","After"
2018-05-12,7.13667,"Downstream2B","After"
2018-05-13,6.92667,"Downstream2B","After"
2018-05-14,6.9,"Downstream2B","After"
2018-05-15,6.82333,"Downstream2B","After"
2018-05-16,7.11333,"Downstream2B","After"
2018-05-17,6.22667,"Downstream2B","After"
2018-05-18,6.48667,"Downstream2B","After"
2018-05-19,6.38667,"Downstream2B","After"
2018-05-20,6.73667,"Downstream2B","After"
2018-05-21,5.55,"Downstream2B","After"
2018-05-22,1.92667,"Downstream2B","After"
2018-05-23,4.44,"Downstream2B","After"
2018-05-24,4.91333,"Downstream2B","After"
2018-05-25,4.5,"Downstream2B","After"
2018-05-26,1.4,"Downstream2B","After"
2018-05-27,0,"Downstream2B","After"
2018-05-30,0,"Downstream2B","After"
2018-05-31,0,"Downstream2B","After"
2018-06-01,0.09,"Downstream2B","After"
2018-06-02,0.246667,"Downstream2B","After"
2018-06-03,0,"Downstream2B","After"
2018-06-04,0,"Downstream2B","After"
2018-06-05,0,"Downstream2B","After"
2018-06-07,5.54667,"Downstream2B","After"
2018-06-08,6.56667,"Downstream2B","After"
2018-06-09,6.42667,"Downstream2B","After"
2018-06-10,6.28667,"Downstream2B","After"
2018-06-11,5.74667,"Downstream2B","After"
2018-06-12,5.72,"Downstream2B","After"
2018-06-13,6.73667,"Downstream2B","After"
2018-06-14,6.08667,"Downstream2B","After"
2018-06-15,5.49333,"Downstream2B","After"
2018-06-16,5.46667,"Downstream2B","After"
2018-06-17,5.64333,"Downstream2B","After"
2018-06-18,5.83,"Downstream2B","After"
2018-06-19,5.40667,"Downstream2B","After"
2018-06-20,5.74333,"Downstream2B","After"
2018-06-21,5.54667,"Downstream2B","After"
2018-06-22,4.33333,"Downstream2B","After"
2018-06-23,3.65667,"Downstream2B","After"
2018-06-24,3.46333,"Downstream2B","After"
2018-06-25,2.94667,"Downstream2B","After"
2018-06-26,3.20333,"Downstream2B","After"
2018-06-27,4.16667,"Downstream2B","After"
2018-06-28,3.50667,"Downstream2B","After"
2018-06-29,6.09667,"Downstream2B","After"
2018-06-30,5.98333,"Downstream2B","After"
2018-07-01,4.19667,"Downstream2B","After"
2018-07-02,5.59333,"Downstream2B","After"
2018-07-03,5.54667,"Downstream2B","After"
2018-07-04,5.04333,"Downstream2B","After"
2018-07-05,5.41333,"Downstream2B","After"
2018-07-06,4.9,"Downstream2B","After"
2018-07-07,0,"Downstream2B","After"
2018-07-08,0.00333333,"Downstream2B","After"
2018-07-09,1.25333,"Downstream2B","After"
2018-07-10,0.00666667,"Downstream2B","After"
2018-07-11,6.38,"Downstream2B","After"
2018-07-12,6.02,"Downstream2B","After"
2018-07-13,6.14,"Downstream2B","After"
2018-07-14,6.03667,"Downstream2B","After"
2018-07-15,5.89667,"Downstream2B","After"
2018-07-16,5.95,"Downstream2B","After"
2018-07-17,5.91333,"Downstream2B","After"
2018-07-18,5.21333,"Downstream2B","After"
2018-07-19,5.41,"Downstream2B","After"
2018-07-20,5.37333,"Downstream2B","After"
2018-07-21,5.34667,"Downstream2B","After"
2018-07-22,5.21,"Downstream2B","After"
2018-07-23,3.92,"Downstream2B","After"
2018-07-24,4.37,"Downstream2B","After"
2018-07-25,1.47,"Downstream2B","After"
2018-07-26,5.36,"Downstream2B","After"
2018-07-27,0.0266667,"Downstream2B","After"
2018-07-28,0,"Downstream2B","After"
2018-07-29,0,"Downstream2B","After"
2018-07-30,0,"Downstream2B","After"
2018-07-31,0.00666667,"Downstream2B","After"
2018-08-01,0.273333,"Downstream2B","After"
2018-08-02,3.64,"Downstream2B","After"
2018-08-03,0.00333333,"Downstream2B","After"
2018-08-04,0,"Downstream2B","After"
2018-08-07,0,"Downstream2B","After"
2018-08-08,0,"Downstream2B","After"
2018-08-10,6.11333,"Downstream2B","After"
2018-08-11,6.05333,"Downstream2B","After"
2018-08-12,5.50333,"Downstream2B","After"
2018-08-13,5.97,"Downstream2B","After"
2018-08-14,6.45,"Downstream2B","After"
2018-08-15,6.14,"Downstream2B","After"
2018-08-16,5.92333,"Downstream2B","After"
2018-08-17,5.18333,"Downstream2B","After"
2018-08-18,4.71667,"Downstream2B","After"
2018-08-19,5.41,"Downstream2B","After"
2018-08-20,5.88333,"Downstream2B","After"
2018-08-21,6.40333,"Downstream2B","After"
2018-08-22,6.29667,"Downstream2B","After"
2018-08-23,6.01,"Downstream2B","After"
2018-08-24,4.58,"Downstream2B","After"
2018-08-25,6.84333,"Downstream2B","After"
2018-08-26,6.75,"Downstream2B","After"
2018-08-27,6.53333,"Downstream2B","After"
2018-08-28,5.97,"Downstream2B","After"
2018-08-29,5.90667,"Downstream2B","After"
2018-08-30,5.75667,"Downstream2B","After"
2018-08-31,5.85,"Downstream2B","After"
2018-09-01,5.18333,"Downstream2B","After"
2018-09-02,4.56333,"Downstream2B","After"
2018-09-03,3.87,"Downstream2B","After"
2018-09-04,5.37667,"Downstream2B","After"
2018-09-05,5.63,"Downstream2B","After"
2018-09-06,6.21333,"Downstream2B","After"
2018-09-07,6.13333,"Downstream2B","After"
2018-09-08,6.04,"Downstream2B","After"
2018-09-09,6.02667,"Downstream2B","After"
2018-09-10,5.98667,"Downstream2B","After"
2018-09-11,5.36333,"Downstream2B","After"
2018-09-12,5.44667,"Downstream2B","After"
2018-09-13,5.03333,"Downstream2B","After"
2018-09-14,5.24667,"Downstream2B","After"
2018-09-15,5.54333,"Downstream2B","After"
2018-09-16,6.73,"Downstream2B","After"
2018-09-17,6.86667,"Downstream2B","After"
2018-09-18,6.41667,"Downstream2B","After"
2018-09-19,3.88333,"Downstream2B","After"
2018-09-20,2.64,"Downstream2B","After"
2018-09-21,1.78667,"Downstream2B","After"
2018-09-22,0.823333,"Downstream2B","After"
2018-09-23,0,"Downstream2B","After"
2018-09-24,0,"Downstream2B","After"
2018-09-25,0,"Downstream2B","After"
2018-09-26,0.00333333,"Downstream2B","After"
2018-09-27,0,"Downstream2B","After"
2018-09-28,0.00333333,"Downstream2B","After"
2018-09-29,0.67,"Downstream2B","After"
2018-09-30,4.27,"Downstream2B","After"
2018-10-01,5.92667,"Downstream2B","After"
2018-10-02,6.29,"Downstream2B","After"
2018-10-03,5.79667,"Downstream2B","After"
2018-10-04,6.56667,"Downstream2B","After"
2018-10-05,6.48333,"Downstream2B","After"
2018-10-06,4.66,"Downstream2B","After"
2018-10-07,4.80333,"Downstream2B","After"
2018-10-08,5.45,"Downstream2B","After"
2018-10-09,5.56333,"Downstream2B","After"
2018-10-10,0.27,"Downstream2B","After"
2018-10-11,2.62333,"Downstream2B","After"
2018-10-12,5.84,"Downstream2B","After"
2018-10-13,6.87667,"Downstream2B","After"
2018-10-14,7.08333,"Downstream2B","After"
2018-10-15,7.05667,"Downstream2B","After"
2018-10-16,6.90333,"Downstream2B","After"
2018-10-17,7.24333,"Downstream2B","After"
2018-10-18,7.36,"Downstream2B","After"
2018-10-19,7.29667,"Downstream2B","After"
2018-10-20,6.39333,"Downstream2B","After"
2018-10-21,6.74667,"Downstream2B","After"
2018-10-22,6.38667,"Downstream2B","After"
2018-10-23,4.25667,"Downstream2B","After"
2018-10-24,2.33333,"Downstream2B","After"
2018-10-25,3.09333,"Downstream2B","After"
2018-10-26,3.11333,"Downstream2B","After"
2018-10-27,0.00333333,"Downstream2B","After"
2018-10-28,0.23,"Downstream2B","After"
2018-10-29,5.20667,"Downstream2B","After"
2018-10-30,2.06333,"Downstream2B","After"
2018-10-31,0,"Downstream2B","After"
2018-11-01,0.04,"Downstream2B","After"
2018-11-02,4.29333,"Downstream2B","After"
2018-11-03,0.0833333,"Downstream2B","After"
2018-11-04,0,"Downstream2B","After"
2018-11-05,0,"Downstream2B","After"
2018-11-06,0.103333,"Downstream2B","After"
2018-11-07,0.0733333,"Downstream2B","After"
2019-05-16,7.65667,"Downstream2B","After"
2019-05-17,7.38,"Downstream2B","After"
2019-05-18,6.90667,"Downstream2B","After"
2019-05-19,6.68333,"Downstream2B","After"
2019-05-20,6.43,"Downstream2B","After"
2019-05-21,6.21333,"Downstream2B","After"
2019-05-22,6.24667,"Downstream2B","After"
2019-05-23,6.60667,"Downstream2B","After"
2019-05-24,6.13,"Downstream2B","After"
2019-05-25,5.8,"Downstream2B","After"
2019-05-26,5.34333,"Downstream2B","After"
2019-05-27,5.04333,"Downstream2B","After"
2019-05-28,4.66667,"Downstream2B","After"
2019-05-29,4.95333,"Downstream2B","After"
2019-05-30,4.65667,"Downstream2B","After"
2019-05-31,4.1,"Downstream2B","After"
2019-06-01,2.29667,"Downstream2B","After"
2019-06-02,3.25,"Downstream2B","After"
2019-06-03,3.31667,"Downstream2B","After"
2019-06-04,5.58,"Downstream2B","After"
