"Date","AvgDO","Site","TimeStamp","Location"
2017-09-22,7.02961791666667,"Upstream1","After","Upstream"
2017-09-23,7.00645802083333,"Upstream1","After","Upstream"
2017-09-24,6.942118125,"Upstream1","After","Upstream"
2017-09-25,6.92350666666667,"Upstream1","After","Upstream"
2017-09-26,6.81270833333333,"Upstream1","After","Upstream"
2017-09-27,6.93670145833333,"Upstream1","After","Upstream"
2017-09-28,6.53781260416667,"Upstream1","After","Upstream"
2017-09-29,6.46034739583333,"Upstream1","After","Upstream"
2017-09-30,6.9753128125,"Upstream1","After","Upstream"
2017-10-01,7.37770770833333,"Upstream1","After","Upstream"
2017-10-02,7.3973265625,"Upstream1","After","Upstream"
2017-10-03,7.45006947916667,"Upstream1","After","Upstream"
2017-10-04,7.408993125,"Upstream1","After","Upstream"
2017-10-05,7.28972208333333,"Upstream1","After","Upstream"
2017-10-06,7.27517385416667,"Upstream1","After","Upstream"
2017-10-07,7.21177114583333,"Upstream1","After","Upstream"
2017-10-08,6.9147225,"Upstream1","After","Upstream"
2017-10-09,6.776805625,"Upstream1","After","Upstream"
2017-10-10,6.63583322916667,"Upstream1","After","Upstream"
2017-10-11,6.71065958333333,"Upstream1","After","Upstream"
2017-10-12,6.68590291666667,"Upstream1","After","Upstream"
2017-10-13,6.9403125,"Upstream1","After","Upstream"
2017-10-14,7.06843791666667,"Upstream1","After","Upstream"
2017-10-15,7.133055625,"Upstream1","After","Upstream"
2017-10-16,6.85930572916667,"Upstream1","After","Upstream"
2017-10-17,7.25774302083333,"Upstream1","After","Upstream"
2017-10-18,7.64701364583333,"Upstream1","After","Upstream"
2017-10-19,7.6004859375,"Upstream1","After","Upstream"
2017-10-20,7.55076395833333,"Upstream1","After","Upstream"
2017-10-21,7.46652770833333,"Upstream1","After","Upstream"
2017-10-22,7.45638927083333,"Upstream1","After","Upstream"
2017-10-23,7.51611114583333,"Upstream1","After","Upstream"
2017-10-24,7.53163177083333,"Upstream1","After","Upstream"
2017-10-25,7.53007,"Upstream1","After","Upstream"
2017-10-26,7.683993125,"Upstream1","After","Upstream"
2017-10-27,7.83138864583333,"Upstream1","After","Upstream"
2017-10-28,7.77864614583333,"Upstream1","After","Upstream"
2017-10-29,7.87701333333333,"Upstream1","After","Upstream"
2017-10-30,8.111145625,"Upstream1","After","Upstream"
2017-10-31,8.17541677083333,"Upstream1","After","Upstream"
2017-11-01,8.02006979166667,"Upstream1","After","Upstream"
2017-11-02,7.87645854166667,"Upstream1","After","Upstream"
2017-11-03,8.1469096875,"Upstream1","After","Upstream"
2017-11-04,7.927743125,"Upstream1","After","Upstream"
2017-11-05,8.127569375,"Upstream1","After","Upstream"
2017-11-06,8.04881947916667,"Upstream1","After","Upstream"
2017-11-07,7.6161459375,"Upstream1","After","Upstream"
2017-11-12,8.9336115625,"Upstream1","After","Upstream"
2017-11-13,9.06017385416667,"Upstream1","After","Upstream"
2017-11-14,8.94625020833333,"Upstream1","After","Upstream"
2017-11-15,8.43114635416667,"Upstream1","After","Upstream"
2017-11-16,8.37895791666667,"Upstream1","After","Upstream"
2017-11-17,8.62090260416667,"Upstream1","After","Upstream"
2017-11-18,9.53191083333333,"Upstream1","After","Upstream"
2017-11-19,8.96635427083333,"Upstream1","After","Upstream"
2017-11-20,9.33232802083333,"Upstream1","After","Upstream"
2017-11-21,9.669201875,"Upstream1","After","Upstream"
2017-11-22,9.0726384375,"Upstream1","After","Upstream"
2017-11-23,9.04551979166667,"Upstream1","After","Upstream"
2017-11-24,9.31166708333333,"Upstream1","After","Upstream"
2017-11-25,9.09482677083333,"Upstream1","After","Upstream"
2017-11-26,8.52871510416667,"Upstream1","After","Upstream"
2017-12-06,9.38933989583333,"Upstream1","After","Upstream"
2017-12-07,9.71184177083333,"Upstream1","After","Upstream"
2017-12-08,9.8563215625,"Upstream1","After","Upstream"
2017-12-09,11.0483302083333,"Upstream1","After","Upstream"
2017-12-10,10.75993125,"Upstream1","After","Upstream"
2017-12-11,10.7220822916667,"Upstream1","After","Upstream"
2017-12-12,10.4482663541667,"Upstream1","After","Upstream"
2017-12-13,10.728821875,"Upstream1","After","Upstream"
2017-12-14,10.9854854166667,"Upstream1","After","Upstream"
2017-12-15,10.9439572916667,"Upstream1","After","Upstream"
2017-12-16,11.13385625,"Upstream1","After","Upstream"
2017-12-17,11.228090625,"Upstream1","After","Upstream"
2017-12-18,10.9960760416667,"Upstream1","After","Upstream"
2017-12-19,10.9777447916667,"Upstream1","After","Upstream"
2017-12-20,10.34836875,"Upstream1","After","Upstream"
2017-12-21,10.2093066666667,"Upstream1","After","Upstream"
2017-12-22,10.7346198958333,"Upstream1","After","Upstream"
2017-12-23,10.7010796875,"Upstream1","After","Upstream"
2017-12-24,9.99017416666667,"Upstream1","After","Upstream"
2017-12-25,10.7453114583333,"Upstream1","After","Upstream"
2017-12-26,11.3512177083333,"Upstream1","After","Upstream"
2017-12-27,11.3268395833333,"Upstream1","After","Upstream"
2017-12-28,11.5305541666667,"Upstream1","After","Upstream"
2017-12-29,11.9201760416667,"Upstream1","After","Upstream"
2017-12-30,11.59541875,"Upstream1","After","Upstream"
2017-12-31,11.50385625,"Upstream1","After","Upstream"
2018-01-01,11.995765625,"Upstream1","After","Upstream"
2018-01-02,12.3206541666667,"Upstream1","After","Upstream"
2018-01-03,12.2713260416667,"Upstream1","After","Upstream"
2018-01-04,12.04569375,"Upstream1","After","Upstream"
2018-01-05,12.5016322916667,"Upstream1","After","Upstream"
2018-01-06,12.78309375,"Upstream1","After","Upstream"
2018-01-07,12.8888208333333,"Upstream1","After","Upstream"
2018-01-08,12.8031572916667,"Upstream1","After","Upstream"
2018-01-09,12.470034375,"Upstream1","After","Upstream"
2018-01-10,12.329165625,"Upstream1","After","Upstream"
2018-01-11,12.5188875,"Upstream1","After","Upstream"
2018-01-12,11.5875708333333,"Upstream1","After","Upstream"
2018-01-13,10.7705553125,"Upstream1","After","Upstream"
2018-01-14,12.0375333333333,"Upstream1","After","Upstream"
2018-01-15,12.71729375,"Upstream1","After","Upstream"
2018-01-16,12.66819375,"Upstream1","After","Upstream"
2018-01-17,12.2685760416667,"Upstream1","After","Upstream"
2018-01-18,12.7566604166667,"Upstream1","After","Upstream"
2018-01-19,12.8088583333333,"Upstream1","After","Upstream"
2018-01-20,12.54256875,"Upstream1","After","Upstream"
2018-01-21,12.34035,"Upstream1","After","Upstream"
2018-01-22,12.2157645833333,"Upstream1","After","Upstream"
2018-01-23,11.2422916666667,"Upstream1","After","Upstream"
2018-01-24,11.154896875,"Upstream1","After","Upstream"
2018-01-25,11.5299645833333,"Upstream1","After","Upstream"
2018-01-26,11.7979822916667,"Upstream1","After","Upstream"
2018-01-27,11.528853125,"Upstream1","After","Upstream"
2018-01-28,10.606803125,"Upstream1","After","Upstream"
2018-01-29,10.5837875,"Upstream1","After","Upstream"
2018-01-30,11.3442729166667,"Upstream1","After","Upstream"
2018-01-31,11.8743041666667,"Upstream1","After","Upstream"
2018-02-01,11.7824322916667,"Upstream1","After","Upstream"
2018-02-02,11.2252770833333,"Upstream1","After","Upstream"
2018-02-03,12.2277770833333,"Upstream1","After","Upstream"
2018-02-04,12.0396541666667,"Upstream1","After","Upstream"
2018-02-05,11.5550020833333,"Upstream1","After","Upstream"
2018-02-06,11.9408354166667,"Upstream1","After","Upstream"
2018-02-07,11.5833677083333,"Upstream1","After","Upstream"
2018-02-08,11.291253125,"Upstream1","After","Upstream"
2018-02-09,11.8450677083333,"Upstream1","After","Upstream"
2018-02-10,11.5382635416667,"Upstream1","After","Upstream"
2018-02-11,10.9455916666667,"Upstream1","After","Upstream"
2018-02-12,10.5161829166667,"Upstream1","After","Upstream"
2018-02-13,11.0272208333333,"Upstream1","After","Upstream"
2018-02-14,11.27166875,"Upstream1","After","Upstream"
2018-02-15,10.5111820833333,"Upstream1","After","Upstream"
2018-02-16,10.1811086458333,"Upstream1","After","Upstream"
2018-02-17,9.6381596875,"Upstream1","After","Upstream"
2018-02-18,10.082815625,"Upstream1","After","Upstream"
2018-02-19,9.49479041666667,"Upstream1","After","Upstream"
2018-02-20,9.131598125,"Upstream1","After","Upstream"
2018-02-21,8.6848609375,"Upstream1","After","Upstream"
2018-02-22,9.3630925,"Upstream1","After","Upstream"
2018-02-23,9.36065739583333,"Upstream1","After","Upstream"
2018-02-24,9.24052135416667,"Upstream1","After","Upstream"
2018-02-25,8.47763885416667,"Upstream1","After","Upstream"
2018-02-26,7.88715354166667,"Upstream1","After","Upstream"
2018-02-27,7.453715625,"Upstream1","After","Upstream"
2018-02-28,8.03361135416667,"Upstream1","After","Upstream"
2018-03-01,7.83538208333333,"Upstream1","After","Upstream"
2018-03-02,8.65093760416667,"Upstream1","After","Upstream"
2018-03-03,8.79062489583333,"Upstream1","After","Upstream"
2018-03-04,8.62159729166667,"Upstream1","After","Upstream"
2018-03-05,8.68374989583333,"Upstream1","After","Upstream"
2018-03-06,9.01184052083333,"Upstream1","After","Upstream"
2018-03-07,8.79993020833333,"Upstream1","After","Upstream"
2018-03-08,8.42822916666667,"Upstream1","After","Upstream"
2018-03-09,9.26562510416667,"Upstream1","After","Upstream"
2018-03-10,9.25090322916667,"Upstream1","After","Upstream"
2018-03-11,8.41713826086957,"Upstream1","After","Upstream"
2018-03-13,11.197428125,"Upstream1","After","Upstream"
2018-03-14,10.6409697916667,"Upstream1","After","Upstream"
2018-03-15,10.8746694736842,"Upstream1","After","Upstream"
2018-03-16,10.693849375,"Upstream1","After","Upstream"
2018-03-17,10.740453125,"Upstream1","After","Upstream"
2018-03-18,10.3994101041667,"Upstream1","After","Upstream"
2018-03-19,10.42368,"Upstream1","After","Upstream"
2018-03-20,10.0113876041667,"Upstream1","After","Upstream"
2018-03-21,10.5428125,"Upstream1","After","Upstream"
2018-03-22,10.9717697916667,"Upstream1","After","Upstream"
2018-03-23,11.0737854166667,"Upstream1","After","Upstream"
2018-03-24,11.2856197916667,"Upstream1","After","Upstream"
2018-03-25,11.3376697916667,"Upstream1","After","Upstream"
2018-03-26,11.433121875,"Upstream1","After","Upstream"
2018-03-27,11.8151395833333,"Upstream1","After","Upstream"
2018-03-28,11.82208125,"Upstream1","After","Upstream"
2018-03-29,11.589825,"Upstream1","After","Upstream"
2018-03-30,11.0947583333333,"Upstream1","After","Upstream"
2018-03-31,10.9456520833333,"Upstream1","After","Upstream"
2018-04-01,10.8375354166667,"Upstream1","After","Upstream"
2018-04-02,10.6698947916667,"Upstream1","After","Upstream"
2018-04-03,10.4836854166667,"Upstream1","After","Upstream"
2018-04-04,10.2886447916667,"Upstream1","After","Upstream"
2018-04-05,10.1000391666667,"Upstream1","After","Upstream"
2018-04-06,10.0856922916667,"Upstream1","After","Upstream"
2018-04-07,9.752535,"Upstream1","After","Upstream"
2018-04-08,9.79764041666667,"Upstream1","After","Upstream"
2018-04-09,9.7672565625,"Upstream1","After","Upstream"
2018-04-10,10.0281935416667,"Upstream1","After","Upstream"
2018-04-11,9.91551958333333,"Upstream1","After","Upstream"
2018-04-12,9.8386103125,"Upstream1","After","Upstream"
2018-04-14,8.7617015625,"Upstream1","After","Upstream"
2018-04-15,8.9389934375,"Upstream1","After","Upstream"
2018-05-09,8.6587846875,"Upstream1","After","Upstream"
2018-05-10,8.43312458333333,"Upstream1","After","Upstream"
2018-05-11,8.40767375,"Upstream1","After","Upstream"
2018-05-12,8.38989604166667,"Upstream1","After","Upstream"
2018-05-13,8.36746541666667,"Upstream1","After","Upstream"
2018-05-14,8.33704864583333,"Upstream1","After","Upstream"
2018-05-15,8.3033684375,"Upstream1","After","Upstream"
2018-05-16,8.21770822916667,"Upstream1","After","Upstream"
2018-05-17,8.01229229166667,"Upstream1","After","Upstream"
2018-05-18,8.12527760416667,"Upstream1","After","Upstream"
2018-05-19,8.121284375,"Upstream1","After","Upstream"
2018-05-20,8.2710065625,"Upstream1","After","Upstream"
2018-05-21,8.77611114583333,"Upstream1","After","Upstream"
2018-05-22,8.71486114583333,"Upstream1","After","Upstream"
2018-05-23,8.5394446875,"Upstream1","After","Upstream"
2018-05-24,8.39392354166667,"Upstream1","After","Upstream"
2018-05-25,8.17795114583333,"Upstream1","After","Upstream"
2018-05-26,7.83440979166667,"Upstream1","After","Upstream"
2018-06-08,7.0693403125,"Upstream1","After","Upstream"
2018-06-09,6.98923614583333,"Upstream1","After","Upstream"
2018-06-10,6.96333291666667,"Upstream1","After","Upstream"
2018-06-11,6.84972260416667,"Upstream1","After","Upstream"
2018-06-12,6.94756947916667,"Upstream1","After","Upstream"
2018-06-13,6.99635458333333,"Upstream1","After","Upstream"
2018-06-14,6.71458302083333,"Upstream1","After","Upstream"
2018-06-15,6.702604375,"Upstream1","After","Upstream"
2018-06-16,6.9246875,"Upstream1","After","Upstream"
2018-06-17,7.07888864583333,"Upstream1","After","Upstream"
2018-06-18,6.94555541666667,"Upstream1","After","Upstream"
2018-06-19,6.53052083333333,"Upstream1","After","Upstream"
2018-06-20,6.487985625,"Upstream1","After","Upstream"
2018-06-26,6.36274322916667,"Upstream1","After","Upstream"
2018-06-27,6.58517333333333,"Upstream1","After","Upstream"
2018-06-28,6.49885427083333,"Upstream1","After","Upstream"
2018-06-29,6.59951427083333,"Upstream1","After","Upstream"
2018-06-30,6.48836760416667,"Upstream1","After","Upstream"
2018-07-01,6.39763885416667,"Upstream1","After","Upstream"
2018-07-02,6.33111104166667,"Upstream1","After","Upstream"
2018-07-03,6.24871510416667,"Upstream1","After","Upstream"
2018-07-04,6.28715291666667,"Upstream1","After","Upstream"
2018-07-05,6.00135385416667,"Upstream1","After","Upstream"
2018-07-06,5.75024302083333,"Upstream1","After","Upstream"
2018-07-07,6.094444375,"Upstream1","After","Upstream"
2018-07-08,6.190451875,"Upstream1","After","Upstream"
2018-07-11,6.4448259375,"Upstream1","After","Upstream"
2018-07-12,6.37159708333333,"Upstream1","After","Upstream"
2018-07-13,6.11336802083333,"Upstream1","After","Upstream"
2018-07-14,5.482221875,"Upstream1","After","Upstream"
2018-07-15,6.34791666666667,"Upstream1","After","Upstream"
2018-07-16,6.236250625,"Upstream1","After","Upstream"
2018-07-17,6.21503479166667,"Upstream1","After","Upstream"
2018-07-18,6.35447947916667,"Upstream1","After","Upstream"
2018-07-19,6.04781197916667,"Upstream1","After","Upstream"
2018-07-20,6.01829885416667,"Upstream1","After","Upstream"
2018-07-21,6.017848125,"Upstream1","After","Upstream"
2018-07-22,5.93506916666667,"Upstream1","After","Upstream"
2018-07-23,5.46694427083333,"Upstream1","After","Upstream"
2018-08-11,6.13020885416667,"Upstream1","After","Upstream"
2018-08-12,5.97267354166667,"Upstream1","After","Upstream"
2018-08-13,6.08454885416667,"Upstream1","After","Upstream"
2018-08-22,0,"Upstream1","After","Upstream"
2018-08-23,0,"Upstream1","After","Upstream"
2018-08-24,2.166545,"Upstream1","After","Upstream"
2018-08-25,6.5745134375,"Upstream1","After","Upstream"
2018-08-26,6.49916635416667,"Upstream1","After","Upstream"
2018-08-27,6.6126740625,"Upstream1","After","Upstream"
2018-08-28,6.80197885416667,"Upstream1","After","Upstream"
2018-08-29,6.5262490625,"Upstream1","After","Upstream"
2018-08-30,6.6938890625,"Upstream1","After","Upstream"
2018-08-31,6.39256947916667,"Upstream1","After","Upstream"
2018-09-01,6.17086791666667,"Upstream1","After","Upstream"
2018-09-02,6.07395885416667,"Upstream1","After","Upstream"
2018-09-03,5.623854375,"Upstream1","After","Upstream"
2018-09-04,5.46531260416667,"Upstream1","After","Upstream"
2018-09-05,5.74121510416667,"Upstream1","After","Upstream"
2018-09-06,6.49385427083333,"Upstream1","After","Upstream"
2018-09-07,6.4866665625,"Upstream1","After","Upstream"
2018-09-08,6.51520833333333,"Upstream1","After","Upstream"
2018-09-09,6.32131947916667,"Upstream1","After","Upstream"
2018-09-10,6.175659375,"Upstream1","After","Upstream"
2018-09-11,6.05465229166667,"Upstream1","After","Upstream"
2018-09-12,5.3408678125,"Upstream1","After","Upstream"
2018-09-13,3.28013864583333,"Upstream1","After","Upstream"
2018-09-14,3.66833322916667,"Upstream1","After","Upstream"
2018-09-15,6.68149291666667,"Upstream1","After","Upstream"
2018-09-16,6.09899375,"Upstream1","After","Upstream"
2018-09-17,5.43548635416667,"Upstream1","After","Upstream"
2018-09-18,4.1040278125,"Upstream1","After","Upstream"
2018-09-19,3.137569375,"Upstream1","After","Upstream"
2018-09-20,2.24861104166667,"Upstream1","After","Upstream"
2018-09-21,4.32670166666667,"Upstream1","After","Upstream"
2018-09-22,4.760069375,"Upstream1","After","Upstream"
2018-09-23,4.07006989583333,"Upstream1","After","Upstream"
2018-09-24,4.824479375,"Upstream1","After","Upstream"
2018-09-25,5.70683989583333,"Upstream1","After","Upstream"
2018-09-26,7.21371572916667,"Upstream1","After","Upstream"
2018-09-27,7.10743072916667,"Upstream1","After","Upstream"
2018-09-28,7.56159708333333,"Upstream1","After","Upstream"
2018-09-29,7.690035,"Upstream1","After","Upstream"
2018-09-30,7.80628510416667,"Upstream1","After","Upstream"
2018-10-01,7.74388895833333,"Upstream1","After","Upstream"
2018-10-02,7.77374958333333,"Upstream1","After","Upstream"
2018-10-03,7.811700625,"Upstream1","After","Upstream"
2018-10-04,7.87927083333333,"Upstream1","After","Upstream"
2018-10-05,7.86333322916667,"Upstream1","After","Upstream"
2018-10-06,7.9745484375,"Upstream1","After","Upstream"
2018-10-07,8.03454895833333,"Upstream1","After","Upstream"
2018-10-08,7.99052052083333,"Upstream1","After","Upstream"
2018-10-09,7.51993072916667,"Upstream1","After","Upstream"
2018-10-10,5.06954875,"Upstream1","After","Upstream"
2018-10-11,4.9707984375,"Upstream1","After","Upstream"
2018-10-12,5.43829854166667,"Upstream1","After","Upstream"
2018-10-13,7.28569510416667,"Upstream1","After","Upstream"
2018-10-14,6.99715260416667,"Upstream1","After","Upstream"
2018-10-15,4.65381957291667,"Upstream1","After","Upstream"
2018-10-16,0.273402799270833,"Upstream1","After","Upstream"
2018-10-17,0.102500006875,"Upstream1","After","Upstream"
2018-10-18,0,"Upstream1","After","Upstream"
2018-10-19,0,"Upstream1","After","Upstream"
2018-10-20,0,"Upstream1","After","Upstream"
2018-10-21,0,"Upstream1","After","Upstream"
2018-10-22,0.00440972604166667,"Upstream1","After","Upstream"
2018-10-23,0.280347240625,"Upstream1","After","Upstream"
2018-10-24,0.357430552083333,"Upstream1","After","Upstream"
2018-10-25,0.249305552083333,"Upstream1","After","Upstream"
2018-10-26,0.181076375,"Upstream1","After","Upstream"
2018-10-27,0.15565974375,"Upstream1","After","Upstream"
2018-10-28,0.203125013541667,"Upstream1","After","Upstream"
2018-10-29,0.237534730208333,"Upstream1","After","Upstream"
2018-10-30,0.394375010416667,"Upstream1","After","Upstream"
2018-10-31,0.0852083291666667,"Upstream1","After","Upstream"
2018-11-01,0.0989583364583333,"Upstream1","After","Upstream"
2018-11-02,0.11465278125,"Upstream1","After","Upstream"
2018-11-03,0.125868052083333,"Upstream1","After","Upstream"
2018-11-04,0.134236114583333,"Upstream1","After","Upstream"
2018-11-05,0.134513885416667,"Upstream1","After","Upstream"
2018-11-06,0.133715302083333,"Upstream1","After","Upstream"
2018-11-07,0.138854145833333,"Upstream1","After","Upstream"
2017-09-22,6.85815958333333,"Upstream2","After","Upstream"
2017-09-23,6.81572895833333,"Upstream2","After","Upstream"
2017-09-24,6.76475739583333,"Upstream2","After","Upstream"
2017-09-25,6.77663229166667,"Upstream2","After","Upstream"
2017-09-26,6.65757010416667,"Upstream2","After","Upstream"
2017-09-27,6.59395822916667,"Upstream2","After","Upstream"
2017-09-28,6.39666666666667,"Upstream2","After","Upstream"
2017-09-30,7.02156239583333,"Upstream2","After","Upstream"
2017-10-01,7.24187479166667,"Upstream2","After","Upstream"
2017-10-02,7.3021871875,"Upstream2","After","Upstream"
2017-10-03,7.259131875,"Upstream2","After","Upstream"
2017-10-04,7.50586822916667,"Upstream2","After","Upstream"
2017-10-05,7.32229135416667,"Upstream2","After","Upstream"
2017-10-06,7.23836854166667,"Upstream2","After","Upstream"
2017-10-07,7.1568403125,"Upstream2","After","Upstream"
2017-10-08,6.825035,"Upstream2","After","Upstream"
2017-10-09,6.582708125,"Upstream2","After","Upstream"
2017-10-10,6.30951395833333,"Upstream2","After","Upstream"
2017-10-11,6.0867709375,"Upstream2","After","Upstream"
2017-10-12,5.77829864583333,"Upstream2","After","Upstream"
2017-10-13,6.17166708333333,"Upstream2","After","Upstream"
2017-10-18,8.00958333333333,"Upstream2","After","Upstream"
2017-10-19,7.959444375,"Upstream2","After","Upstream"
2017-10-20,7.82996552083333,"Upstream2","After","Upstream"
2017-10-21,7.76548552083333,"Upstream2","After","Upstream"
2017-10-22,7.600729375,"Upstream2","After","Upstream"
2017-10-23,7.41565947916667,"Upstream2","After","Upstream"
2017-10-24,7.2283684375,"Upstream2","After","Upstream"
2017-10-25,7.32562458333333,"Upstream2","After","Upstream"
2017-10-26,7.74572916666667,"Upstream2","After","Upstream"
2017-11-03,8.49236125,"Upstream2","After","Upstream"
2017-11-04,8.1415278125,"Upstream2","After","Upstream"
2017-11-05,8.36034677083333,"Upstream2","After","Upstream"
2017-11-06,8.32482635416667,"Upstream2","After","Upstream"
2017-11-07,7.53152791666667,"Upstream2","After","Upstream"
2017-11-08,7.87531291666667,"Upstream2","After","Upstream"
2017-11-09,8.24750010416667,"Upstream2","After","Upstream"
2017-11-10,8.19649291666667,"Upstream2","After","Upstream"
2017-11-11,8.62958322916667,"Upstream2","After","Upstream"
2017-11-12,8.92274260416667,"Upstream2","After","Upstream"
2017-11-13,8.90409739583333,"Upstream2","After","Upstream"
2017-11-14,9.0551390625,"Upstream2","After","Upstream"
2017-11-15,9.0559025,"Upstream2","After","Upstream"
2017-11-16,9.25065958333333,"Upstream2","After","Upstream"
2017-11-17,9.4279175,"Upstream2","After","Upstream"
2017-11-18,10.0788880208333,"Upstream2","After","Upstream"
2017-11-19,9.4392015625,"Upstream2","After","Upstream"
2017-11-20,9.69930489583333,"Upstream2","After","Upstream"
2017-11-21,10.416144375,"Upstream2","After","Upstream"
2017-11-22,10.0024280208333,"Upstream2","After","Upstream"
2017-11-23,9.94044833333333,"Upstream2","After","Upstream"
2017-11-24,10.4731246875,"Upstream2","After","Upstream"
2017-11-25,10.6368760416667,"Upstream2","After","Upstream"
2017-11-26,10.3452089583333,"Upstream2","After","Upstream"
2017-11-27,10.5690263541667,"Upstream2","After","Upstream"
2017-11-28,10.879578125,"Upstream2","After","Upstream"
2017-11-29,10.7051723958333,"Upstream2","After","Upstream"
2017-11-30,10.4953477083333,"Upstream2","After","Upstream"
2017-12-01,10.2430864583333,"Upstream2","After","Upstream"
2017-12-02,9.89274510416667,"Upstream2","After","Upstream"
2017-12-03,9.93121270833333,"Upstream2","After","Upstream"
2017-12-04,9.9946528125,"Upstream2","After","Upstream"
2017-12-05,10.2471869791667,"Upstream2","After","Upstream"
2017-12-06,9.7255553125,"Upstream2","After","Upstream"
2017-12-07,9.99069020833333,"Upstream2","After","Upstream"
2017-12-08,10.4216328125,"Upstream2","After","Upstream"
2017-12-09,10.9799677083333,"Upstream2","After","Upstream"
2017-12-10,10.9195833333333,"Upstream2","After","Upstream"
2017-12-11,11.2139229166667,"Upstream2","After","Upstream"
2017-12-12,11.0279135416667,"Upstream2","After","Upstream"
2017-12-13,11.125728125,"Upstream2","After","Upstream"
2017-12-14,11.4463177083333,"Upstream2","After","Upstream"
2017-12-15,11.19520625,"Upstream2","After","Upstream"
2017-12-16,11.3420125,"Upstream2","After","Upstream"
2017-12-17,11.5507989583333,"Upstream2","After","Upstream"
2017-12-18,11.0625041666667,"Upstream2","After","Upstream"
2017-12-19,10.6276052083333,"Upstream2","After","Upstream"
2017-12-20,10.1535741666667,"Upstream2","After","Upstream"
2017-12-21,9.75458479166667,"Upstream2","After","Upstream"
2017-12-22,10.35656,"Upstream2","After","Upstream"
2017-12-23,10.4155177083333,"Upstream2","After","Upstream"
2017-12-24,9.809374375,"Upstream2","After","Upstream"
2017-12-25,10.3278490625,"Upstream2","After","Upstream"
2017-12-26,11.3533364583333,"Upstream2","After","Upstream"
2017-12-27,11.3987854166667,"Upstream2","After","Upstream"
2017-12-28,11.5829541666667,"Upstream2","After","Upstream"
2017-12-29,12.2493729166667,"Upstream2","After","Upstream"
2017-12-30,11.9976677083333,"Upstream2","After","Upstream"
2017-12-31,11.5497604166667,"Upstream2","After","Upstream"
2018-01-01,12.3198604166667,"Upstream2","After","Upstream"
2018-01-02,12.7915322916667,"Upstream2","After","Upstream"
2018-01-03,12.8272239583333,"Upstream2","After","Upstream"
2018-01-04,12.3744802083333,"Upstream2","After","Upstream"
2018-01-05,12.6662135416667,"Upstream2","After","Upstream"
2018-01-06,13.086946875,"Upstream2","After","Upstream"
2018-01-07,13.2758302083333,"Upstream2","After","Upstream"
2018-01-08,13.006803125,"Upstream2","After","Upstream"
2018-01-09,12.0703833333333,"Upstream2","After","Upstream"
2018-01-10,11.7613684210526,"Upstream2","After","Upstream"
2018-01-11,12.23010625,"Upstream2","After","Upstream"
2018-01-12,11.1534697916667,"Upstream2","After","Upstream"
2018-01-13,9.8662834375,"Upstream2","After","Upstream"
2018-01-14,11.3535760416667,"Upstream2","After","Upstream"
2018-01-15,12.7338239583333,"Upstream2","After","Upstream"
2018-01-16,12.8298958333333,"Upstream2","After","Upstream"
2018-01-17,12.4298989583333,"Upstream2","After","Upstream"
2018-01-18,12.9622572916667,"Upstream2","After","Upstream"
2018-01-19,12.9671166666667,"Upstream2","After","Upstream"
2018-01-20,12.6272958333333,"Upstream2","After","Upstream"
2018-01-21,12.2277072916667,"Upstream2","After","Upstream"
2018-01-22,11.86975625,"Upstream2","After","Upstream"
2018-01-23,11.1343072916667,"Upstream2","After","Upstream"
2018-01-24,10.3352755208333,"Upstream2","After","Upstream"
2018-01-25,11.468159375,"Upstream2","After","Upstream"
2018-01-26,11.9517322916667,"Upstream2","After","Upstream"
2018-01-27,11.8104895833333,"Upstream2","After","Upstream"
2018-01-28,10.6997572916667,"Upstream2","After","Upstream"
2018-01-29,10.1544041666667,"Upstream2","After","Upstream"
2018-01-30,10.7546510416667,"Upstream2","After","Upstream"
2018-01-31,11.6908020833333,"Upstream2","After","Upstream"
2018-02-01,11.8314916666667,"Upstream2","After","Upstream"
2018-02-02,11.0980541666667,"Upstream2","After","Upstream"
2018-02-03,12.02760625,"Upstream2","After","Upstream"
2018-02-04,12.1335114583333,"Upstream2","After","Upstream"
2018-02-05,11.2801729166667,"Upstream2","After","Upstream"
2018-02-06,11.7057947916667,"Upstream2","After","Upstream"
2018-02-07,11.304759375,"Upstream2","After","Upstream"
2018-02-08,10.8292375,"Upstream2","After","Upstream"
2018-02-09,11.5476760416667,"Upstream2","After","Upstream"
2018-02-10,11.351425,"Upstream2","After","Upstream"
2018-02-11,10.5630197916667,"Upstream2","After","Upstream"
2018-02-12,9.77416885416667,"Upstream2","After","Upstream"
2018-02-13,10.5632979166667,"Upstream2","After","Upstream"
2018-02-14,11.1964239583333,"Upstream2","After","Upstream"
2018-02-15,10.4536105208333,"Upstream2","After","Upstream"
2018-02-16,9.49663291666667,"Upstream2","After","Upstream"
2018-02-17,9.20246739583333,"Upstream2","After","Upstream"
2018-02-18,10.2366657291667,"Upstream2","After","Upstream"
2018-02-19,10.1176751041667,"Upstream2","After","Upstream"
2018-02-20,10.1317380208333,"Upstream2","After","Upstream"
2018-02-21,9.36753354166667,"Upstream2","After","Upstream"
2018-02-22,9.1262153125,"Upstream2","After","Upstream"
2018-02-23,8.9192015625,"Upstream2","After","Upstream"
2018-02-24,9.14722208333333,"Upstream2","After","Upstream"
2018-02-25,8.28628489583333,"Upstream2","After","Upstream"
2018-02-26,8.0529509375,"Upstream2","After","Upstream"
2018-02-27,8.78760416666667,"Upstream2","After","Upstream"
2018-02-28,9.18739541666667,"Upstream2","After","Upstream"
2018-03-01,8.50552072916667,"Upstream2","After","Upstream"
2018-03-02,7.841458125,"Upstream2","After","Upstream"
2018-03-04,9.01802083333333,"Upstream2","After","Upstream"
2018-03-06,9.54986270833333,"Upstream2","After","Upstream"
2018-03-08,9.98548854166667,"Upstream2","After","Upstream"
2018-03-09,10.2442315625,"Upstream2","After","Upstream"
2018-03-10,9.7547915625,"Upstream2","After","Upstream"
2018-03-11,9.385725,"Upstream2","After","Upstream"
2018-03-12,9.18875052083333,"Upstream2","After","Upstream"
2018-03-13,11.0988207291667,"Upstream2","After","Upstream"
2018-03-14,10.4518388541667,"Upstream2","After","Upstream"
2018-03-15,10.913021875,"Upstream2","After","Upstream"
2018-03-16,10.57205,"Upstream2","After","Upstream"
2018-03-17,10.5219390625,"Upstream2","After","Upstream"
2018-03-18,10.1335441666667,"Upstream2","After","Upstream"
2018-03-19,10.001525625,"Upstream2","After","Upstream"
2018-03-20,9.39986114583333,"Upstream2","After","Upstream"
2018-03-21,10.0607304166667,"Upstream2","After","Upstream"
2018-03-22,10.66024375,"Upstream2","After","Upstream"
2018-03-23,10.77395625,"Upstream2","After","Upstream"
2018-03-24,10.9958270833333,"Upstream2","After","Upstream"
2018-03-25,11.104928125,"Upstream2","After","Upstream"
2018-03-26,11.0590257291667,"Upstream2","After","Upstream"
2018-03-27,11.5993427083333,"Upstream2","After","Upstream"
2018-03-28,11.66565625,"Upstream2","After","Upstream"
2018-03-29,11.4685072916667,"Upstream2","After","Upstream"
2018-03-30,10.93934375,"Upstream2","After","Upstream"
2018-03-31,10.8493427083333,"Upstream2","After","Upstream"
2018-04-01,10.8528489583333,"Upstream2","After","Upstream"
2018-04-02,10.67285,"Upstream2","After","Upstream"
2018-04-03,10.3560083333333,"Upstream2","After","Upstream"
2018-04-04,10.0428497916667,"Upstream2","After","Upstream"
2018-04-05,9.60989552083333,"Upstream2","After","Upstream"
2018-04-06,9.34614635416667,"Upstream2","After","Upstream"
2018-04-07,8.89986114583333,"Upstream2","After","Upstream"
2018-04-11,9.9020815625,"Upstream2","After","Upstream"
2018-04-12,9.87128354166667,"Upstream2","After","Upstream"
2018-04-14,8.9459721875,"Upstream2","After","Upstream"
2018-04-15,8.93430552083333,"Upstream2","After","Upstream"
2018-05-09,8.46458333333333,"Upstream2","After","Upstream"
2018-05-10,8.07729177083333,"Upstream2","After","Upstream"
2018-05-11,7.98593770833333,"Upstream2","After","Upstream"
2018-05-12,7.91649333333333,"Upstream2","After","Upstream"
2018-05-13,7.90142375,"Upstream2","After","Upstream"
2018-05-14,7.89881885416667,"Upstream2","After","Upstream"
2018-05-15,7.91520791666667,"Upstream2","After","Upstream"
2018-05-16,7.95434114583333,"Upstream2","After","Upstream"
2018-05-18,7.47454885416667,"Upstream2","After","Upstream"
2018-05-19,7.4215621875,"Upstream2","After","Upstream"
2018-05-20,7.65815958333333,"Upstream2","After","Upstream"
2018-05-21,8.35524291666667,"Upstream2","After","Upstream"
2018-05-22,8.19503458333333,"Upstream2","After","Upstream"
2018-05-23,8.03239635416667,"Upstream2","After","Upstream"
2018-05-24,7.8387153125,"Upstream2","After","Upstream"
2018-05-25,7.56805552083333,"Upstream2","After","Upstream"
2018-05-26,7.23944479166667,"Upstream2","After","Upstream"
2018-05-27,6.8205203125,"Upstream2","After","Upstream"
2018-05-28,6.74204833333333,"Upstream2","After","Upstream"
2018-05-29,6.7021528125,"Upstream2","After","Upstream"
2018-06-07,6.3686459375,"Upstream2","After","Upstream"
2018-06-08,6.663333125,"Upstream2","After","Upstream"
2018-06-09,6.59500010416667,"Upstream2","After","Upstream"
2018-06-10,6.58545104166667,"Upstream2","After","Upstream"
2018-06-11,6.2153128125,"Upstream2","After","Upstream"
2018-06-12,6.51045083333333,"Upstream2","After","Upstream"
2018-06-13,6.53916645833333,"Upstream2","After","Upstream"
2018-06-14,6.26013875,"Upstream2","After","Upstream"
2018-06-15,6.13385447916667,"Upstream2","After","Upstream"
2018-06-16,6.46385395833333,"Upstream2","After","Upstream"
2018-06-17,6.603854375,"Upstream2","After","Upstream"
2018-06-18,6.67513885416667,"Upstream2","After","Upstream"
2018-06-19,6.39027770833333,"Upstream2","After","Upstream"
2018-06-20,6.36979145833333,"Upstream2","After","Upstream"
2018-06-21,6.14420145833333,"Upstream2","After","Upstream"
2018-06-22,5.9802775,"Upstream2","After","Upstream"
2018-06-23,5.79118010416667,"Upstream2","After","Upstream"
2018-06-29,6.37593833333333,"Upstream2","After","Upstream"
2018-06-30,6.25746520833333,"Upstream2","After","Upstream"
2018-07-01,6.10843802083333,"Upstream2","After","Upstream"
2018-07-02,5.92302052083333,"Upstream2","After","Upstream"
2018-07-03,6.05479135416667,"Upstream2","After","Upstream"
2018-07-11,6.51406260416667,"Upstream2","After","Upstream"
2018-07-12,6.2378471875,"Upstream2","After","Upstream"
2018-07-13,6.29027739583333,"Upstream2","After","Upstream"
2018-08-04,6.41965260416667,"Upstream2","After","Upstream"
2018-08-05,5.88881958333333,"Upstream2","After","Upstream"
2018-08-06,5.50083302083333,"Upstream2","After","Upstream"
2018-08-07,5.25350677083333,"Upstream2","After","Upstream"
2018-08-08,4.9893053125,"Upstream2","After","Upstream"
2018-08-11,6.12350666666667,"Upstream2","After","Upstream"
2018-08-12,6.13958354166667,"Upstream2","After","Upstream"
2018-08-13,6.23215302083333,"Upstream2","After","Upstream"
2018-08-14,5.9803815625,"Upstream2","After","Upstream"
2018-08-15,5.63680625,"Upstream2","After","Upstream"
2018-08-16,5.69152791666667,"Upstream2","After","Upstream"
2018-08-17,5.69534729166667,"Upstream2","After","Upstream"
2018-08-18,5.98722208333333,"Upstream2","After","Upstream"
2018-08-25,6.8232296875,"Upstream2","After","Upstream"
2018-08-26,6.7631596875,"Upstream2","After","Upstream"
2018-08-27,6.49392395833333,"Upstream2","After","Upstream"
2018-08-28,6.24784739583333,"Upstream2","After","Upstream"
2018-08-29,6.10093791666667,"Upstream2","After","Upstream"
2018-08-30,6.0306596875,"Upstream2","After","Upstream"
2018-08-31,6.05913208333333,"Upstream2","After","Upstream"
2018-09-01,5.76072958333333,"Upstream2","After","Upstream"
2018-09-02,5.78354208333333,"Upstream2","After","Upstream"
2018-09-03,5.67847239583333,"Upstream2","After","Upstream"
2018-09-04,5.50357645833333,"Upstream2","After","Upstream"
2018-09-05,5.82996541666667,"Upstream2","After","Upstream"
2018-09-06,6.2808678125,"Upstream2","After","Upstream"
2018-09-07,6.24250052083333,"Upstream2","After","Upstream"
2018-09-08,6.1115621875,"Upstream2","After","Upstream"
2018-09-09,6.0069440625,"Upstream2","After","Upstream"
2018-09-10,6.03496520833333,"Upstream2","After","Upstream"
2018-09-11,5.668194375,"Upstream2","After","Upstream"
2018-09-12,5.09114541666667,"Upstream2","After","Upstream"
2018-09-13,4.67225677083333,"Upstream2","After","Upstream"
2018-09-14,4.12635375,"Upstream2","After","Upstream"
2018-09-15,5.9847221875,"Upstream2","After","Upstream"
2018-09-16,5.70972197916667,"Upstream2","After","Upstream"
2018-09-17,6.02565989583333,"Upstream2","After","Upstream"
2018-09-18,5.35191010416667,"Upstream2","After","Upstream"
2018-09-19,5.27659729166667,"Upstream2","After","Upstream"
2018-09-20,3.0077778125,"Upstream2","After","Upstream"
2018-09-21,2.72607609375,"Upstream2","After","Upstream"
2018-09-22,4.7336459375,"Upstream2","After","Upstream"
2018-09-23,3.67482625,"Upstream2","After","Upstream"
2018-09-24,4.21197916666667,"Upstream2","After","Upstream"
2018-09-25,4.7240621875,"Upstream2","After","Upstream"
2018-09-26,5.89121479166667,"Upstream2","After","Upstream"
2018-09-27,6.28805541666667,"Upstream2","After","Upstream"
2018-09-28,6.74059041666667,"Upstream2","After","Upstream"
2018-09-29,7.07173635416667,"Upstream2","After","Upstream"
2018-09-30,7.18052072916667,"Upstream2","After","Upstream"
2018-10-01,7.15565989583333,"Upstream2","After","Upstream"
2018-10-02,7.05770822916667,"Upstream2","After","Upstream"
2018-10-03,6.945416875,"Upstream2","After","Upstream"
2018-10-04,6.89319510416667,"Upstream2","After","Upstream"
2018-10-05,6.48753458333333,"Upstream2","After","Upstream"
2018-10-06,6.55475677083333,"Upstream2","After","Upstream"
2018-10-07,7.05732635416667,"Upstream2","After","Upstream"
2018-10-08,6.77770864583333,"Upstream2","After","Upstream"
2018-10-09,6.159618125,"Upstream2","After","Upstream"
2018-10-10,3.51534791666667,"Upstream2","After","Upstream"
2018-10-11,4.17982625,"Upstream2","After","Upstream"
2018-10-12,5.7782990625,"Upstream2","After","Upstream"
2018-10-13,6.78489583333333,"Upstream2","After","Upstream"
2018-10-14,7.09954854166667,"Upstream2","After","Upstream"
2018-10-15,7.18274260416667,"Upstream2","After","Upstream"
2018-10-16,7.878264375,"Upstream2","After","Upstream"
2018-10-17,7.91861083333333,"Upstream2","After","Upstream"
2018-10-18,8.06173572916667,"Upstream2","After","Upstream"
2018-10-19,7.89343802083333,"Upstream2","After","Upstream"
2018-10-20,7.61524322916667,"Upstream2","After","Upstream"
2018-10-21,8.01204854166667,"Upstream2","After","Upstream"
2018-10-22,8.20013864583333,"Upstream2","After","Upstream"
2018-10-23,7.8960071875,"Upstream2","After","Upstream"
2018-10-24,7.6227084375,"Upstream2","After","Upstream"
2018-10-25,7.97163197916667,"Upstream2","After","Upstream"
2018-10-26,8.16305541666667,"Upstream2","After","Upstream"
2018-10-27,8.43999989583333,"Upstream2","After","Upstream"
2018-10-28,8.08968760416667,"Upstream2","After","Upstream"
2018-10-29,8.2688534375,"Upstream2","After","Upstream"
2018-10-30,9.30392395833333,"Upstream2","After","Upstream"
2018-10-31,9.39461854166667,"Upstream2","After","Upstream"
2018-11-01,8.96819416666667,"Upstream2","After","Upstream"
2018-11-02,8.81586822916667,"Upstream2","After","Upstream"
2018-11-03,8.10114583333333,"Upstream2","After","Upstream"
2018-11-04,8.661528125,"Upstream2","After","Upstream"
2018-11-05,8.575346875,"Upstream2","After","Upstream"
2018-11-06,8.4072915625,"Upstream2","After","Upstream"
2018-11-07,9.33902791666667,"Upstream2","After","Upstream"
2013-12-15,10.8635041666667,"Upstream1","Before","Upstream"
2013-12-16,10.7952114583333,"Upstream1","Before","Upstream"
2013-12-17,10.91326875,"Upstream1","Before","Upstream"
2013-12-18,10.8407322916667,"Upstream1","Before","Upstream"
2013-12-19,11.0820875,"Upstream1","Before","Upstream"
2013-12-20,10.9241354166667,"Upstream1","Before","Upstream"
2013-12-21,10.6744791666667,"Upstream1","Before","Upstream"
2013-12-22,10.1452830208333,"Upstream1","Before","Upstream"
2013-12-23,9.28454697916667,"Upstream1","Before","Upstream"
2013-12-24,9.75607635416667,"Upstream1","Before","Upstream"
2013-12-25,10.8418385416667,"Upstream1","Before","Upstream"
2013-12-26,11.0367697916667,"Upstream1","Before","Upstream"
2013-12-27,10.9830552083333,"Upstream1","Before","Upstream"
2013-12-28,10.9929510416667,"Upstream1","Before","Upstream"
2013-12-29,10.5398947916667,"Upstream1","Before","Upstream"
2013-12-30,10.5243416666667,"Upstream1","Before","Upstream"
2013-12-31,11.5699270833333,"Upstream1","Before","Upstream"
2014-01-01,11.8672489583333,"Upstream1","Before","Upstream"
2014-01-02,11.8510083333333,"Upstream1","Before","Upstream"
2014-01-03,12.0034010416667,"Upstream1","Before","Upstream"
2014-01-04,12.359240625,"Upstream1","Before","Upstream"
2014-01-05,12.3521260416667,"Upstream1","Before","Upstream"
2014-01-06,12.1793385416667,"Upstream1","Before","Upstream"
2014-01-07,12.2507291666667,"Upstream1","Before","Upstream"
2014-01-08,12.50503125,"Upstream1","Before","Upstream"
2014-01-14,12.1829145833333,"Upstream1","Before","Upstream"
2014-01-15,12.3941302083333,"Upstream1","Before","Upstream"
2014-01-16,12.5133364583333,"Upstream1","Before","Upstream"
2014-01-17,12.6008010416667,"Upstream1","Before","Upstream"
2014-01-18,12.6312552083333,"Upstream1","Before","Upstream"
2014-01-19,12.7405604166667,"Upstream1","Before","Upstream"
2014-01-20,12.7582322916667,"Upstream1","Before","Upstream"
2014-01-21,12.71055625,"Upstream1","Before","Upstream"
2014-01-22,12.2847635416667,"Upstream1","Before","Upstream"
2014-01-24,11.7979166666667,"Upstream1","Before","Upstream"
2014-01-25,11.5377791666667,"Upstream1","Before","Upstream"
2014-01-26,12.0788541666667,"Upstream1","Before","Upstream"
2014-01-27,12.376459375,"Upstream1","Before","Upstream"
2014-01-28,12.416809375,"Upstream1","Before","Upstream"
2014-01-29,12.822678125,"Upstream1","Before","Upstream"
2014-01-30,12.947253125,"Upstream1","Before","Upstream"
2014-01-31,12.946009375,"Upstream1","Before","Upstream"
2014-02-01,12.82708125,"Upstream1","Before","Upstream"
2014-02-02,12.5924645833333,"Upstream1","Before","Upstream"
2014-02-03,12.267671875,"Upstream1","Before","Upstream"
2014-02-04,12.33145625,"Upstream1","Before","Upstream"
2014-02-05,12.2594395833333,"Upstream1","Before","Upstream"
2014-02-06,12.5521145833333,"Upstream1","Before","Upstream"
2014-02-07,12.6017041666667,"Upstream1","Before","Upstream"
2014-02-08,12.4080239583333,"Upstream1","Before","Upstream"
2014-02-09,12.3032989583333,"Upstream1","Before","Upstream"
2014-02-10,12.36309375,"Upstream1","Before","Upstream"
2014-02-11,12.6928822916667,"Upstream1","Before","Upstream"
2014-02-12,12.817603125,"Upstream1","Before","Upstream"
2014-02-13,12.7112802083333,"Upstream1","Before","Upstream"
2014-02-14,12.6877770833333,"Upstream1","Before","Upstream"
2014-02-15,12.6527416666667,"Upstream1","Before","Upstream"
2014-02-16,12.86496875,"Upstream1","Before","Upstream"
2014-02-17,12.973953125,"Upstream1","Before","Upstream"
2014-02-18,13.0966666666667,"Upstream1","Before","Upstream"
2014-02-19,13.3317020833333,"Upstream1","Before","Upstream"
2014-02-20,13.3319104166667,"Upstream1","Before","Upstream"
2014-02-21,12.945134375,"Upstream1","Before","Upstream"
2014-02-22,12.8537854166667,"Upstream1","Before","Upstream"
2014-02-23,12.787153125,"Upstream1","Before","Upstream"
2014-02-24,12.7257947916667,"Upstream1","Before","Upstream"
2014-02-25,12.76201875,"Upstream1","Before","Upstream"
2014-02-26,12.4456927083333,"Upstream1","Before","Upstream"
2014-02-27,11.97729375,"Upstream1","Before","Upstream"
2014-02-28,11.940034375,"Upstream1","Before","Upstream"
2014-03-01,11.6918760416667,"Upstream1","Before","Upstream"
2014-03-02,11.6125364583333,"Upstream1","Before","Upstream"
2014-03-03,11.321525,"Upstream1","Before","Upstream"
2014-03-04,11.7905864583333,"Upstream1","Before","Upstream"
2014-03-05,11.5296875,"Upstream1","Before","Upstream"
2014-03-06,11.5233666666667,"Upstream1","Before","Upstream"
2014-03-07,12.0617354166667,"Upstream1","Before","Upstream"
2014-03-08,12.04618125,"Upstream1","Before","Upstream"
2014-03-09,11.9890565217391,"Upstream1","Before","Upstream"
2014-03-10,12.142640625,"Upstream1","Before","Upstream"
2014-03-11,12.4783697916667,"Upstream1","Before","Upstream"
2014-03-12,12.3519052083333,"Upstream1","Before","Upstream"
2014-03-13,12.422815625,"Upstream1","Before","Upstream"
2014-03-14,12.6328135416667,"Upstream1","Before","Upstream"
2014-03-15,12.508853125,"Upstream1","Before","Upstream"
2014-03-16,12.3860447916667,"Upstream1","Before","Upstream"
2014-03-17,12.3570864583333,"Upstream1","Before","Upstream"
2014-03-18,12.4180541666667,"Upstream1","Before","Upstream"
2014-03-19,12.4278104166667,"Upstream1","Before","Upstream"
2014-03-20,12.2700333333333,"Upstream1","Before","Upstream"
2014-03-21,12.0667625,"Upstream1","Before","Upstream"
2014-03-22,11.755521875,"Upstream1","Before","Upstream"
2014-03-25,11.0199979166667,"Upstream1","Before","Upstream"
2014-03-26,11.2601729166667,"Upstream1","Before","Upstream"
2014-03-27,11.2313489583333,"Upstream1","Before","Upstream"
2014-03-28,11.0646208333333,"Upstream1","Before","Upstream"
2014-04-02,11.5271833333333,"Upstream1","Before","Upstream"
2014-04-03,11.405003125,"Upstream1","Before","Upstream"
2014-04-04,11.0603854166667,"Upstream1","Before","Upstream"
2014-04-05,10.4787875,"Upstream1","Before","Upstream"
2014-04-06,10.48968125,"Upstream1","Before","Upstream"
2014-04-07,10.2968794791667,"Upstream1","Before","Upstream"
2014-04-08,10.4346880208333,"Upstream1","Before","Upstream"
2014-04-09,10.9613208333333,"Upstream1","Before","Upstream"
2014-04-10,11.0361125,"Upstream1","Before","Upstream"
2014-04-11,10.9457302083333,"Upstream1","Before","Upstream"
2014-04-12,10.8026385416667,"Upstream1","Before","Upstream"
2014-04-13,10.65440625,"Upstream1","Before","Upstream"
2014-04-14,10.2428489583333,"Upstream1","Before","Upstream"
2014-04-15,9.35065979166667,"Upstream1","Before","Upstream"
2014-04-16,9.53569427083333,"Upstream1","Before","Upstream"
2014-04-17,9.86958447916667,"Upstream1","Before","Upstream"
2014-04-18,9.96617635416667,"Upstream1","Before","Upstream"
2014-04-19,9.80239375,"Upstream1","Before","Upstream"
2014-04-20,9.921976875,"Upstream1","Before","Upstream"
2014-04-21,9.75531364583333,"Upstream1","Before","Upstream"
2014-04-22,9.5045140625,"Upstream1","Before","Upstream"
2014-04-23,9.47048552083333,"Upstream1","Before","Upstream"
2014-04-24,9.3246875,"Upstream1","Before","Upstream"
2014-06-04,9.750173125,"Upstream1","Before","Upstream"
2014-06-05,9.6109371875,"Upstream1","Before","Upstream"
2014-06-06,8.70593760416667,"Upstream1","Before","Upstream"
2014-06-07,8.68118083333333,"Upstream1","Before","Upstream"
2014-06-08,8.68388864583333,"Upstream1","Before","Upstream"
2014-06-09,8.68517375,"Upstream1","Before","Upstream"
2014-06-10,7.98739635416667,"Upstream1","Before","Upstream"
2014-06-11,6.54822916666667,"Upstream1","Before","Upstream"
2014-06-12,6.16201395833333,"Upstream1","Before","Upstream"
2014-06-13,5.93916604166667,"Upstream1","Before","Upstream"
2014-06-14,5.63534729166667,"Upstream1","Before","Upstream"
2014-06-15,5.47597239583333,"Upstream1","Before","Upstream"
2014-06-16,6.32958302083333,"Upstream1","Before","Upstream"
2014-06-17,6.16118052083333,"Upstream1","Before","Upstream"
2014-06-18,6.23253489583333,"Upstream1","Before","Upstream"
2014-06-19,6.43774260416667,"Upstream1","Before","Upstream"
2014-06-20,6.28420166666667,"Upstream1","Before","Upstream"
2014-06-21,6.168194375,"Upstream1","Before","Upstream"
2014-06-22,5.881631875,"Upstream1","Before","Upstream"
2014-06-23,5.92687479166667,"Upstream1","Before","Upstream"
2014-06-24,5.96135427083333,"Upstream1","Before","Upstream"
2014-06-25,5.82107583333333,"Upstream1","Before","Upstream"
2014-06-26,5.44034677083333,"Upstream1","Before","Upstream"
2014-06-27,6.21885385416667,"Upstream1","Before","Upstream"
2014-06-28,6.35871552083333,"Upstream1","Before","Upstream"
2014-06-29,6.36256916666667,"Upstream1","Before","Upstream"
2014-06-30,6.1194790625,"Upstream1","Before","Upstream"
2014-07-01,6.2541315625,"Upstream1","Before","Upstream"
2014-07-02,6.19420135416667,"Upstream1","Before","Upstream"
2014-07-03,6.29173604166667,"Upstream1","Before","Upstream"
2014-07-04,6.36548541666667,"Upstream1","Before","Upstream"
2014-07-05,6.4026040625,"Upstream1","Before","Upstream"
2014-07-06,6.41725729166667,"Upstream1","Before","Upstream"
2014-07-07,6.2484371875,"Upstream1","Before","Upstream"
2014-07-08,6.16052072916667,"Upstream1","Before","Upstream"
2014-07-09,6.1243403125,"Upstream1","Before","Upstream"
2014-07-10,6.28020833333333,"Upstream1","Before","Upstream"
2014-07-11,6.36204864583333,"Upstream1","Before","Upstream"
2014-07-12,6.37378479166667,"Upstream1","Before","Upstream"
2014-07-13,6.127326875,"Upstream1","Before","Upstream"
2014-07-14,5.93062520833333,"Upstream1","Before","Upstream"
2014-07-15,5.78243083333333,"Upstream1","Before","Upstream"
2014-07-16,6.32902770833333,"Upstream1","Before","Upstream"
2014-07-17,6.1914584375,"Upstream1","Before","Upstream"
2014-07-18,6.10732625,"Upstream1","Before","Upstream"
2014-07-19,6.48489625,"Upstream1","Before","Upstream"
2014-07-20,6.28861125,"Upstream1","Before","Upstream"
2014-07-21,6.10006916666667,"Upstream1","Before","Upstream"
2014-07-22,6.1496525,"Upstream1","Before","Upstream"
2014-07-23,5.91496541666667,"Upstream1","Before","Upstream"
2014-07-24,5.7552078125,"Upstream1","Before","Upstream"
2014-07-25,6.111909375,"Upstream1","Before","Upstream"
2014-07-26,5.76590260416667,"Upstream1","Before","Upstream"
2014-07-27,6.1168228125,"Upstream1","Before","Upstream"
2014-07-28,6.38812541666667,"Upstream1","Before","Upstream"
2014-07-29,6.39767375,"Upstream1","Before","Upstream"
2014-07-30,6.47055541666667,"Upstream1","Before","Upstream"
2014-07-31,6.4752434375,"Upstream1","Before","Upstream"
2014-08-01,6.3589584375,"Upstream1","Before","Upstream"
2014-08-02,6.55461822916667,"Upstream1","Before","Upstream"
2014-08-03,6.6923953125,"Upstream1","Before","Upstream"
2014-08-04,6.54989635416667,"Upstream1","Before","Upstream"
2014-08-05,6.432535,"Upstream1","Before","Upstream"
2014-08-06,6.4584725,"Upstream1","Before","Upstream"
2014-08-07,6.60079875,"Upstream1","Before","Upstream"
2014-08-08,6.60079854166667,"Upstream1","Before","Upstream"
2014-08-09,6.57770802083333,"Upstream1","Before","Upstream"
2014-08-10,6.88864583333333,"Upstream1","Before","Upstream"
2014-08-11,6.64559041666667,"Upstream1","Before","Upstream"
2014-08-12,6.423125,"Upstream1","Before","Upstream"
2014-08-13,6.38177052083333,"Upstream1","Before","Upstream"
2014-08-14,6.99510416666667,"Upstream1","Before","Upstream"
2014-08-15,6.83812479166667,"Upstream1","Before","Upstream"
2014-08-16,6.79795135416667,"Upstream1","Before","Upstream"
2014-08-17,6.37527833333333,"Upstream1","Before","Upstream"
2014-08-18,5.98458375,"Upstream1","Before","Upstream"
2014-08-27,6.64920104166667,"Upstream1","Before","Upstream"
2014-08-28,6.51048614583333,"Upstream1","Before","Upstream"
2014-08-29,6.4664928125,"Upstream1","Before","Upstream"
2014-08-30,6.44149322916667,"Upstream1","Before","Upstream"
2014-08-31,6.31940979166667,"Upstream1","Before","Upstream"
2014-09-01,6.19170145833333,"Upstream1","Before","Upstream"
2014-09-02,6.22225697916667,"Upstream1","Before","Upstream"
2014-09-03,6.1467709375,"Upstream1","Before","Upstream"
2014-09-04,6.03767364583333,"Upstream1","Before","Upstream"
2014-09-05,6.62173645833333,"Upstream1","Before","Upstream"
2014-09-06,6.39149302083333,"Upstream1","Before","Upstream"
2014-09-07,6.13371520833333,"Upstream1","Before","Upstream"
2014-09-08,6.228923125,"Upstream1","Before","Upstream"
2014-09-09,6.62854166666667,"Upstream1","Before","Upstream"
2014-09-10,6.45381958333333,"Upstream1","Before","Upstream"
2014-09-11,6.34156270833333,"Upstream1","Before","Upstream"
2014-09-12,6.38659739583333,"Upstream1","Before","Upstream"
2014-09-13,6.56097166666667,"Upstream1","Before","Upstream"
2014-09-14,6.706006875,"Upstream1","Before","Upstream"
2014-09-15,6.84406229166667,"Upstream1","Before","Upstream"
2014-09-16,6.74756958333333,"Upstream1","Before","Upstream"
2014-09-17,6.68795125,"Upstream1","Before","Upstream"
2014-09-19,6.85947958333333,"Upstream1","Before","Upstream"
2014-09-20,6.93163208333333,"Upstream1","Before","Upstream"
2014-09-21,6.82413260416667,"Upstream1","Before","Upstream"
2014-09-22,6.7767709375,"Upstream1","Before","Upstream"
2014-09-23,6.99708322916667,"Upstream1","Before","Upstream"
2014-09-24,7.48899302083333,"Upstream1","Before","Upstream"
2014-09-25,7.74524322916667,"Upstream1","Before","Upstream"
2014-09-26,7.48673677083333,"Upstream1","Before","Upstream"
2014-09-27,7.47430552083333,"Upstream1","Before","Upstream"
2014-09-28,7.4475346875,"Upstream1","Before","Upstream"
2014-09-29,7.3195309375,"Upstream1","Before","Upstream"
2014-09-30,7.35822916666667,"Upstream1","Before","Upstream"
2014-10-01,7.4049303125,"Upstream1","Before","Upstream"
2014-10-02,7.33027739583333,"Upstream1","Before","Upstream"
2014-10-03,7.18097208333333,"Upstream1","Before","Upstream"
2014-10-04,6.96291697916667,"Upstream1","Before","Upstream"
2014-10-05,7.46527802083333,"Upstream1","Before","Upstream"
2014-10-06,7.55881916666667,"Upstream1","Before","Upstream"
2014-10-07,7.43421864583333,"Upstream1","Before","Upstream"
2014-10-08,7.40715291666667,"Upstream1","Before","Upstream"
2014-10-09,7.47767375,"Upstream1","Before","Upstream"
2014-10-10,7.54552114583333,"Upstream1","Before","Upstream"
2014-10-11,7.34086760416667,"Upstream1","Before","Upstream"
2014-10-12,7.29350729166667,"Upstream1","Before","Upstream"
2014-10-13,7.51739604166667,"Upstream1","Before","Upstream"
2014-10-14,7.41347197916667,"Upstream1","Before","Upstream"
2014-10-15,7.32628489583333,"Upstream1","Before","Upstream"
2014-10-16,7.53163177083333,"Upstream1","Before","Upstream"
2014-10-17,7.54802010416667,"Upstream1","Before","Upstream"
2014-10-18,7.47635427083333,"Upstream1","Before","Upstream"
2014-10-19,7.5437503125,"Upstream1","Before","Upstream"
2014-10-20,7.61937489583333,"Upstream1","Before","Upstream"
2014-10-21,7.6142015625,"Upstream1","Before","Upstream"
2014-10-22,7.91729197916667,"Upstream1","Before","Upstream"
2014-10-23,8.02743072916667,"Upstream1","Before","Upstream"
2014-10-24,8.016875,"Upstream1","Before","Upstream"
2014-10-25,8.09829833333333,"Upstream1","Before","Upstream"
2014-10-26,8.0700696875,"Upstream1","Before","Upstream"
2014-10-27,8.136180625,"Upstream1","Before","Upstream"
2014-10-29,8.15166697916667,"Upstream1","Before","Upstream"
2014-10-30,8.08097239583333,"Upstream1","Before","Upstream"
2014-10-31,8.25302083333333,"Upstream1","Before","Upstream"
2014-11-01,8.218819375,"Upstream1","Before","Upstream"
2014-11-02,8.54163239583333,"Upstream1","Before","Upstream"
2014-11-03,8.80902802083333,"Upstream1","Before","Upstream"
2014-11-05,8.91232666666667,"Upstream1","Before","Upstream"
2014-11-06,8.5002434375,"Upstream1","Before","Upstream"
2014-11-07,8.623159375,"Upstream1","Before","Upstream"
2014-11-08,8.92329916666667,"Upstream1","Before","Upstream"
2014-11-09,8.9421875,"Upstream1","Before","Upstream"
2014-11-10,9.09805552083333,"Upstream1","Before","Upstream"
2014-11-11,9.04506895833333,"Upstream1","Before","Upstream"
2014-11-13,8.89666697916667,"Upstream1","Before","Upstream"
2014-11-14,9.32052041666667,"Upstream1","Before","Upstream"
2014-11-15,9.8503490625,"Upstream1","Before","Upstream"
2014-11-16,9.8828459375,"Upstream1","Before","Upstream"
2014-11-17,9.3708678125,"Upstream1","Before","Upstream"
2014-11-18,9.22569447916667,"Upstream1","Before","Upstream"
2014-11-19,10.1784734375,"Upstream1","Before","Upstream"
2014-11-20,10.0790634375,"Upstream1","Before","Upstream"
2014-11-22,10.771909375,"Upstream1","Before","Upstream"
2014-11-23,10.6057979166667,"Upstream1","Before","Upstream"
2014-11-24,9.74819291666667,"Upstream1","Before","Upstream"
2014-11-25,9.40506979166667,"Upstream1","Before","Upstream"
2014-11-26,9.75614572916667,"Upstream1","Before","Upstream"
2014-11-27,10.0071495833333,"Upstream1","Before","Upstream"
2014-11-28,10.4274302083333,"Upstream1","Before","Upstream"
2014-11-29,10.6078145833333,"Upstream1","Before","Upstream"
2014-11-30,10.4701770833333,"Upstream1","Before","Upstream"
2014-12-01,10.2371883333333,"Upstream1","Before","Upstream"
2014-12-02,10.7966645833333,"Upstream1","Before","Upstream"
2014-12-04,10.9185072916667,"Upstream1","Before","Upstream"
2014-12-05,11.3871489583333,"Upstream1","Before","Upstream"
2014-12-06,10.7808979166667,"Upstream1","Before","Upstream"
2014-12-07,10.82635,"Upstream1","Before","Upstream"
2014-12-08,11.0508354166667,"Upstream1","Before","Upstream"
2014-12-09,10.8157302083333,"Upstream1","Before","Upstream"
2014-12-10,10.898715625,"Upstream1","Before","Upstream"
2014-12-11,11.002428125,"Upstream1","Before","Upstream"
2014-12-12,11.1950375,"Upstream1","Before","Upstream"
2014-12-13,11.2032635416667,"Upstream1","Before","Upstream"
2014-12-14,11.194096875,"Upstream1","Before","Upstream"
2014-12-16,11.2560427083333,"Upstream1","Before","Upstream"
2014-12-17,11.286628125,"Upstream1","Before","Upstream"
2014-12-18,11.3540614583333,"Upstream1","Before","Upstream"
2014-12-19,11.3878458333333,"Upstream1","Before","Upstream"
2014-12-20,11.4305208333333,"Upstream1","Before","Upstream"
2014-12-21,11.4980583333333,"Upstream1","Before","Upstream"
2014-12-22,11.4667333333333,"Upstream1","Before","Upstream"
2014-12-23,11.4290979166667,"Upstream1","Before","Upstream"
2014-12-24,11.1422552083333,"Upstream1","Before","Upstream"
2014-12-25,10.923515625,"Upstream1","Before","Upstream"
2014-12-26,11.3884666666667,"Upstream1","Before","Upstream"
2014-12-27,11.4448260416667,"Upstream1","Before","Upstream"
2014-12-28,11.2847208333333,"Upstream1","Before","Upstream"
2014-12-29,11.1319802083333,"Upstream1","Before","Upstream"
2014-12-30,11.676665625,"Upstream1","Before","Upstream"
2014-12-31,12.3421875,"Upstream1","Before","Upstream"
2015-01-01,12.4745864583333,"Upstream1","Before","Upstream"
2015-02-10,12.1590979166667,"Upstream1","Before","Upstream"
2015-02-11,12.6311833333333,"Upstream1","Before","Upstream"
2015-02-12,13.3687114583333,"Upstream1","Before","Upstream"
2015-02-13,13.282290625,"Upstream1","Before","Upstream"
2015-02-14,13.0283020833333,"Upstream1","Before","Upstream"
2015-02-15,13.0956958333333,"Upstream1","Before","Upstream"
2015-02-16,13.3290989583333,"Upstream1","Before","Upstream"
2015-02-17,13.3448958333333,"Upstream1","Before","Upstream"
2015-02-18,13.3511791666667,"Upstream1","Before","Upstream"
2015-02-19,13.260934375,"Upstream1","Before","Upstream"
2015-02-20,13.5819458333333,"Upstream1","Before","Upstream"
2015-02-21,13.6110385416667,"Upstream1","Before","Upstream"
2015-02-22,13.474025,"Upstream1","Before","Upstream"
2015-02-23,13.360759375,"Upstream1","Before","Upstream"
2015-02-24,13.5706260416667,"Upstream1","Before","Upstream"
2015-02-25,13.56510625,"Upstream1","Before","Upstream"
2015-02-26,13.641390625,"Upstream1","Before","Upstream"
2015-02-27,13.86635625,"Upstream1","Before","Upstream"
2015-02-28,14.2802072916667,"Upstream1","Before","Upstream"
2015-03-01,14.2198666666667,"Upstream1","Before","Upstream"
2015-03-02,14.099825,"Upstream1","Before","Upstream"
2015-03-03,14.2954854166667,"Upstream1","Before","Upstream"
2015-03-04,14.33291875,"Upstream1","Before","Upstream"
2015-03-05,14.0553791666667,"Upstream1","Before","Upstream"
2015-03-06,14.2553177083333,"Upstream1","Before","Upstream"
2015-03-07,14.3765625,"Upstream1","Before","Upstream"
2015-03-08,14.2418826086957,"Upstream1","Before","Upstream"
2015-03-09,14.0950354166667,"Upstream1","Before","Upstream"
2015-03-10,13.9921875,"Upstream1","Before","Upstream"
2015-03-11,13.4849979166667,"Upstream1","Before","Upstream"
2015-03-12,13.1010760416667,"Upstream1","Before","Upstream"
2015-03-13,13.038684375,"Upstream1","Before","Upstream"
2015-03-14,12.5736114583333,"Upstream1","Before","Upstream"
2015-03-15,12.3560770833333,"Upstream1","Before","Upstream"
2015-03-16,12.2331260416667,"Upstream1","Before","Upstream"
2015-03-17,12.0770802083333,"Upstream1","Before","Upstream"
2015-03-18,11.7688552083333,"Upstream1","Before","Upstream"
2015-03-20,11.7077104166667,"Upstream1","Before","Upstream"
2015-03-21,11.673540625,"Upstream1","Before","Upstream"
2015-03-22,11.6460395833333,"Upstream1","Before","Upstream"
2015-03-23,11.7046489583333,"Upstream1","Before","Upstream"
2015-03-24,12.1001083333333,"Upstream1","Before","Upstream"
2015-03-25,12.057225,"Upstream1","Before","Upstream"
2015-03-26,11.7502458333333,"Upstream1","Before","Upstream"
2015-03-27,11.4854822916667,"Upstream1","Before","Upstream"
2015-03-28,11.5377760416667,"Upstream1","Before","Upstream"
2015-03-29,11.6409375,"Upstream1","Before","Upstream"
2015-03-30,11.5408010416667,"Upstream1","Before","Upstream"
2015-03-31,11.2151760416667,"Upstream1","Before","Upstream"
2015-04-01,11.0776114583333,"Upstream1","Before","Upstream"
2015-04-02,11.0913895833333,"Upstream1","Before","Upstream"
2015-04-04,10.4787864583333,"Upstream1","Before","Upstream"
2015-04-05,10.5948604166667,"Upstream1","Before","Upstream"
2015-04-06,10.6572260416667,"Upstream1","Before","Upstream"
2015-04-07,10.4624645833333,"Upstream1","Before","Upstream"
2015-04-08,10.258643125,"Upstream1","Before","Upstream"
2015-04-09,9.9259728125,"Upstream1","Before","Upstream"
2015-04-10,9.45669729166667,"Upstream1","Before","Upstream"
2015-04-11,9.96916677083333,"Upstream1","Before","Upstream"
2015-04-12,10.2075019791667,"Upstream1","Before","Upstream"
2015-04-13,10.328540625,"Upstream1","Before","Upstream"
2015-04-14,10.1259395833333,"Upstream1","Before","Upstream"
2015-04-16,10.0728820833333,"Upstream1","Before","Upstream"
2015-04-17,9.99590072916667,"Upstream1","Before","Upstream"
2015-04-18,9.866386875,"Upstream1","Before","Upstream"
2015-04-19,9.669791875,"Upstream1","Before","Upstream"
2015-04-20,9.06753458333333,"Upstream1","Before","Upstream"
2015-04-21,9.1771528125,"Upstream1","Before","Upstream"
2015-04-22,9.87437458333333,"Upstream1","Before","Upstream"
2015-04-23,9.91388854166667,"Upstream1","Before","Upstream"
2015-04-24,9.87586802083333,"Upstream1","Before","Upstream"
2015-04-25,9.49187552083333,"Upstream1","Before","Upstream"
2015-04-26,9.4210065625,"Upstream1","Before","Upstream"
2015-04-27,9.34298645833333,"Upstream1","Before","Upstream"
2015-04-28,9.15753458333333,"Upstream1","Before","Upstream"
2015-04-29,9.07183979166667,"Upstream1","Before","Upstream"
2015-04-30,8.83447916666667,"Upstream1","Before","Upstream"
2015-05-01,8.7873959375,"Upstream1","Before","Upstream"
2015-05-02,8.84107635416667,"Upstream1","Before","Upstream"
2015-05-03,8.7014584375,"Upstream1","Before","Upstream"
2015-05-04,8.59180520833333,"Upstream1","Before","Upstream"
2015-05-05,8.7559721875,"Upstream1","Before","Upstream"
2015-05-06,8.57683979166667,"Upstream1","Before","Upstream"
2015-05-07,8.31670125,"Upstream1","Before","Upstream"
2015-05-08,7.873020625,"Upstream1","Before","Upstream"
2015-05-09,7.70565958333333,"Upstream1","Before","Upstream"
2015-05-10,7.51298604166667,"Upstream1","Before","Upstream"
2015-05-11,7.38204854166667,"Upstream1","Before","Upstream"
2015-05-12,7.51295125,"Upstream1","Before","Upstream"
2015-05-13,7.71517333333333,"Upstream1","Before","Upstream"
2015-05-14,8.18034729166667,"Upstream1","Before","Upstream"
2015-05-15,7.86423583333333,"Upstream1","Before","Upstream"
2015-05-16,7.88836802083333,"Upstream1","Before","Upstream"
2015-05-17,7.74527760416667,"Upstream1","Before","Upstream"
2015-05-18,7.62499979166667,"Upstream1","Before","Upstream"
2015-05-19,7.386805625,"Upstream1","Before","Upstream"
2015-05-20,7.00996520833333,"Upstream1","Before","Upstream"
2015-05-21,6.92197916666667,"Upstream1","Before","Upstream"
2015-05-22,7.41104177083333,"Upstream1","Before","Upstream"
2015-05-23,7.51482625,"Upstream1","Before","Upstream"
2015-05-24,7.51076364583333,"Upstream1","Before","Upstream"
2015-05-25,7.45638895833333,"Upstream1","Before","Upstream"
2015-05-26,7.38548572916667,"Upstream1","Before","Upstream"
2015-05-28,7.24052083333333,"Upstream1","Before","Upstream"
2015-05-29,7.283333125,"Upstream1","Before","Upstream"
2015-05-30,7.26993,"Upstream1","Before","Upstream"
2015-05-31,7.1873959375,"Upstream1","Before","Upstream"
2015-06-01,7.01006958333333,"Upstream1","Before","Upstream"
2015-06-02,7.01187541666667,"Upstream1","Before","Upstream"
2015-06-03,6.99944479166667,"Upstream1","Before","Upstream"
2015-06-04,7.2028825,"Upstream1","Before","Upstream"
2015-06-05,7.30531239583333,"Upstream1","Before","Upstream"
2015-06-06,7.24072927083333,"Upstream1","Before","Upstream"
2015-06-07,7.06180552083333,"Upstream1","Before","Upstream"
2015-06-08,7.07375,"Upstream1","Before","Upstream"
2015-06-10,6.949445,"Upstream1","Before","Upstream"
2015-06-11,6.83798625,"Upstream1","Before","Upstream"
2015-06-12,6.78100697916667,"Upstream1","Before","Upstream"
2015-06-13,6.65958395833333,"Upstream1","Before","Upstream"
2015-06-14,6.3567015625,"Upstream1","Before","Upstream"
2015-06-15,6.18409739583333,"Upstream1","Before","Upstream"
2015-06-17,6.14965291666667,"Upstream1","Before","Upstream"
2015-06-18,6.2160765625,"Upstream1","Before","Upstream"
2015-06-19,6.29020822916667,"Upstream1","Before","Upstream"
2015-06-20,6.10885447916667,"Upstream1","Before","Upstream"
2015-06-21,5.96031291666667,"Upstream1","Before","Upstream"
2015-06-22,5.87798604166667,"Upstream1","Before","Upstream"
2015-06-24,6.25715270833333,"Upstream1","Before","Upstream"
2015-06-25,6.23475697916667,"Upstream1","Before","Upstream"
2015-06-26,6.2356596875,"Upstream1","Before","Upstream"
2015-06-27,6.27920083333333,"Upstream1","Before","Upstream"
2015-06-28,6.373125,"Upstream1","Before","Upstream"
2015-06-29,6.3657290625,"Upstream1","Before","Upstream"
2015-06-30,6.32809041666667,"Upstream1","Before","Upstream"
2015-07-01,6.09115971014493,"Upstream1","Before","Upstream"
2017-09-19,7.67785678571429,"Upstream1","Before","Upstream"
2017-09-20,7.0614925,"Upstream1","Before","Upstream"
2013-10-11,6.21939431818182,"Upstream2","Before","Upstream"
2013-10-12,4.31295135416667,"Upstream2","Before","Upstream"
2013-10-13,1.63982638541667,"Upstream2","Before","Upstream"
2013-10-14,0.350625010416667,"Upstream2","Before","Upstream"
2013-10-15,0.0482986145833333,"Upstream2","Before","Upstream"
2013-10-19,3.6590628125,"Upstream2","Before","Upstream"
2013-10-20,7.59635395833333,"Upstream2","Before","Upstream"
2013-10-21,7.9950346875,"Upstream2","Before","Upstream"
2013-10-22,7.81291666666667,"Upstream2","Before","Upstream"
2013-10-23,7.7161809375,"Upstream2","Before","Upstream"
2013-10-24,7.97993041666667,"Upstream2","Before","Upstream"
2013-10-25,8.18121510416667,"Upstream2","Before","Upstream"
2013-10-26,8.21034739583333,"Upstream2","Before","Upstream"
2013-10-27,8.49829854166667,"Upstream2","Before","Upstream"
2013-10-28,8.8308678125,"Upstream2","Before","Upstream"
2013-10-29,8.65180552083333,"Upstream2","Before","Upstream"
2013-10-30,8.55441010416667,"Upstream2","Before","Upstream"
2013-10-31,8.51132020833333,"Upstream2","Before","Upstream"
2013-11-01,7.89163208333333,"Upstream2","Before","Upstream"
2013-11-02,7.0277434375,"Upstream2","Before","Upstream"
2013-11-03,7.44819489583333,"Upstream2","Before","Upstream"
2013-11-04,8.21190979166667,"Upstream2","Before","Upstream"
2013-11-05,8.8649134375,"Upstream2","Before","Upstream"
2013-11-06,8.8946875,"Upstream2","Before","Upstream"
2013-11-07,8.34524291666667,"Upstream2","Before","Upstream"
2013-11-08,8.51263864583333,"Upstream2","Before","Upstream"
2013-11-09,9.2719090625,"Upstream2","Before","Upstream"
2013-11-10,9.23302104166667,"Upstream2","Before","Upstream"
2013-11-11,9.1620475,"Upstream2","Before","Upstream"
2013-11-12,9.35552104166667,"Upstream2","Before","Upstream"
2013-11-13,9.33187489583333,"Upstream2","Before","Upstream"
2013-11-14,10.1095475,"Upstream2","Before","Upstream"
2013-11-15,10.1630910416667,"Upstream2","Before","Upstream"
2013-11-17,9.38030947916667,"Upstream2","Before","Upstream"
2013-11-18,8.84239479166667,"Upstream2","Before","Upstream"
2013-11-19,9.11420052083333,"Upstream2","Before","Upstream"
2013-11-20,9.97538072916667,"Upstream2","Before","Upstream"
2013-11-21,10.2270486458333,"Upstream2","Before","Upstream"
2013-11-22,9.8592021875,"Upstream2","Before","Upstream"
2013-11-23,9.10833333333333,"Upstream2","Before","Upstream"
2013-11-24,9.78163,"Upstream2","Before","Upstream"
2013-11-25,11.0193104166667,"Upstream2","Before","Upstream"
2013-11-26,10.6390927083333,"Upstream2","Before","Upstream"
2013-11-27,9.50475677083333,"Upstream2","Before","Upstream"
2013-11-28,10.1692715625,"Upstream2","Before","Upstream"
2013-11-29,10.6812541666667,"Upstream2","Before","Upstream"
2013-11-30,10.817328125,"Upstream2","Before","Upstream"
2013-12-01,10.6651020833333,"Upstream2","Before","Upstream"
2013-12-02,10.1672197916667,"Upstream2","Before","Upstream"
2013-12-03,10.2468744791667,"Upstream2","Before","Upstream"
2013-12-04,10.2416638541667,"Upstream2","Before","Upstream"
2013-12-05,9.86968729166667,"Upstream2","Before","Upstream"
2013-12-06,9.61746645833333,"Upstream2","Before","Upstream"
2013-12-07,9.11965322916667,"Upstream2","Before","Upstream"
2013-12-08,9.79885364583333,"Upstream2","Before","Upstream"
2013-12-09,10.414271875,"Upstream2","Before","Upstream"
2013-12-10,9.95486052083333,"Upstream2","Before","Upstream"
2013-12-11,10.4060425,"Upstream2","Before","Upstream"
2013-12-12,10.8512833333333,"Upstream2","Before","Upstream"
2013-12-13,11.17579375,"Upstream2","Before","Upstream"
2013-12-14,10.9703852631579,"Upstream2","Before","Upstream"
2013-12-15,11.3647229166667,"Upstream2","Before","Upstream"
2013-12-16,11.3179489583333,"Upstream2","Before","Upstream"
2013-12-17,11.503125,"Upstream2","Before","Upstream"
2013-12-18,11.3497541666667,"Upstream2","Before","Upstream"
2013-12-19,11.8086083333333,"Upstream2","Before","Upstream"
2013-12-20,11.5685739583333,"Upstream2","Before","Upstream"
2013-12-21,10.960209375,"Upstream2","Before","Upstream"
2013-12-22,10.1571534375,"Upstream2","Before","Upstream"
2013-12-23,9.2522225,"Upstream2","Before","Upstream"
2013-12-24,9.6154865625,"Upstream2","Before","Upstream"
2013-12-25,11.0202083333333,"Upstream2","Before","Upstream"
2013-12-26,11.637775,"Upstream2","Before","Upstream"
2013-12-27,11.5248239583333,"Upstream2","Before","Upstream"
2013-12-28,11.6673645833333,"Upstream2","Before","Upstream"
2013-12-29,11.1096177083333,"Upstream2","Before","Upstream"
2013-12-30,10.7155916666667,"Upstream2","Before","Upstream"
2013-12-31,11.68458125,"Upstream2","Before","Upstream"
2014-01-01,12.0930885416667,"Upstream2","Before","Upstream"
2014-01-02,12.10298125,"Upstream2","Before","Upstream"
2014-01-03,12.2329885416667,"Upstream2","Before","Upstream"
2014-01-04,12.6962479166667,"Upstream2","Before","Upstream"
2014-01-05,12.71114375,"Upstream2","Before","Upstream"
2014-01-06,12.4851052083333,"Upstream2","Before","Upstream"
2014-01-07,12.4220791666667,"Upstream2","Before","Upstream"
2014-01-08,12.9122541666667,"Upstream2","Before","Upstream"
2014-01-09,12.8092375,"Upstream2","Before","Upstream"
2014-01-10,12.1374947916667,"Upstream2","Before","Upstream"
2014-01-11,11.630209375,"Upstream2","Before","Upstream"
2014-01-12,11.2484708333333,"Upstream2","Before","Upstream"
2014-01-13,11.7703125,"Upstream2","Before","Upstream"
2014-01-14,12.1965677083333,"Upstream2","Before","Upstream"
2014-01-15,12.6661135416667,"Upstream2","Before","Upstream"
2014-01-16,12.6052114583333,"Upstream2","Before","Upstream"
2014-01-17,12.9264583333333,"Upstream2","Before","Upstream"
2014-01-18,12.9381572916667,"Upstream2","Before","Upstream"
2014-01-19,13.0622208333333,"Upstream2","Before","Upstream"
2014-01-20,13.0800354166667,"Upstream2","Before","Upstream"
2014-01-21,12.8629583333333,"Upstream2","Before","Upstream"
2014-01-22,12.96913125,"Upstream2","Before","Upstream"
2014-01-23,12.95785,"Upstream2","Before","Upstream"
2014-01-24,12.613890625,"Upstream2","Before","Upstream"
2014-01-25,12.846315625,"Upstream2","Before","Upstream"
2014-01-26,12.5957979166667,"Upstream2","Before","Upstream"
2014-01-27,12.6215302083333,"Upstream2","Before","Upstream"
2014-01-28,12.5374989583333,"Upstream2","Before","Upstream"
2014-01-29,13.4077760416667,"Upstream2","Before","Upstream"
2014-01-30,13.61448125,"Upstream2","Before","Upstream"
2014-01-31,13.550834375,"Upstream2","Before","Upstream"
2014-02-01,13.2271875,"Upstream2","Before","Upstream"
2014-02-02,12.6963197916667,"Upstream2","Before","Upstream"
2014-02-03,12.2096239583333,"Upstream2","Before","Upstream"
2014-02-04,12.279546875,"Upstream2","Before","Upstream"
2014-02-05,12.3359020833333,"Upstream2","Before","Upstream"
2014-02-06,12.814934375,"Upstream2","Before","Upstream"
2014-02-07,12.9825729166667,"Upstream2","Before","Upstream"
2014-02-08,12.5241322916667,"Upstream2","Before","Upstream"
2014-02-09,12.5740604166667,"Upstream2","Before","Upstream"
2014-02-10,12.6931614583333,"Upstream2","Before","Upstream"
2014-02-11,13.1442697916667,"Upstream2","Before","Upstream"
2014-02-12,13.3679458333333,"Upstream2","Before","Upstream"
2014-02-13,13.3217729166667,"Upstream2","Before","Upstream"
2014-02-14,13.127878125,"Upstream2","Before","Upstream"
2014-02-15,12.9726729166667,"Upstream2","Before","Upstream"
2014-02-16,13.262084375,"Upstream2","Before","Upstream"
2014-02-17,13.3820125,"Upstream2","Before","Upstream"
2014-02-18,13.4710072916667,"Upstream2","Before","Upstream"
2014-02-19,13.778921875,"Upstream2","Before","Upstream"
2014-02-20,13.7581958333333,"Upstream2","Before","Upstream"
2014-02-21,13.1530208333333,"Upstream2","Before","Upstream"
2014-02-22,13.0682,"Upstream2","Before","Upstream"
2014-02-23,13.1510427083333,"Upstream2","Before","Upstream"
2014-02-24,13.0906947916667,"Upstream2","Before","Upstream"
2014-02-25,13.143059375,"Upstream2","Before","Upstream"
2014-02-26,12.8061125,"Upstream2","Before","Upstream"
2014-02-27,12.2891375,"Upstream2","Before","Upstream"
2014-02-28,12.2021489583333,"Upstream2","Before","Upstream"
2014-03-01,12.0514583333333,"Upstream2","Before","Upstream"
2014-03-02,11.7928125,"Upstream2","Before","Upstream"
2014-03-03,11.300384375,"Upstream2","Before","Upstream"
2014-03-04,11.99024375,"Upstream2","Before","Upstream"
2014-03-05,11.2264958333333,"Upstream2","Before","Upstream"
2014-03-06,11.1154833333333,"Upstream2","Before","Upstream"
2014-03-07,12.3167375,"Upstream2","Before","Upstream"
2014-06-04,9.75701375,"Upstream2","Before","Upstream"
2014-06-05,9.64607604166667,"Upstream2","Before","Upstream"
2014-06-06,8.7380203125,"Upstream2","Before","Upstream"
2014-06-07,8.68392333333333,"Upstream2","Before","Upstream"
2014-06-08,8.66954854166667,"Upstream2","Before","Upstream"
2014-06-09,8.67690989583333,"Upstream2","Before","Upstream"
2014-06-10,7.986944375,"Upstream2","Before","Upstream"
2014-06-11,6.37541635416667,"Upstream2","Before","Upstream"
2014-06-12,6.46177104166667,"Upstream2","Before","Upstream"
2014-06-13,6.68284697916667,"Upstream2","Before","Upstream"
2014-06-14,6.8563190625,"Upstream2","Before","Upstream"
2014-06-15,6.797256875,"Upstream2","Before","Upstream"
2014-06-16,6.69086791666667,"Upstream2","Before","Upstream"
2014-06-17,6.511006875,"Upstream2","Before","Upstream"
2014-06-18,6.49746520833333,"Upstream2","Before","Upstream"
2014-06-19,6.61569458333333,"Upstream2","Before","Upstream"
2014-06-20,6.4556596875,"Upstream2","Before","Upstream"
2014-06-21,6.23399302083333,"Upstream2","Before","Upstream"
2014-06-22,6.136180625,"Upstream2","Before","Upstream"
2014-06-23,6.37343760416667,"Upstream2","Before","Upstream"
2014-06-24,6.35614572916667,"Upstream2","Before","Upstream"
2014-06-25,6.29142375,"Upstream2","Before","Upstream"
2014-06-26,6.0381246875,"Upstream2","Before","Upstream"
2014-06-27,6.46635447916667,"Upstream2","Before","Upstream"
2014-06-28,6.589791875,"Upstream2","Before","Upstream"
2014-06-29,6.7059725,"Upstream2","Before","Upstream"
2014-06-30,6.6628125,"Upstream2","Before","Upstream"
2014-07-01,6.43343729166667,"Upstream2","Before","Upstream"
2014-07-02,6.3339234375,"Upstream2","Before","Upstream"
2014-07-03,6.50736166666667,"Upstream2","Before","Upstream"
2014-07-04,6.5312153125,"Upstream2","Before","Upstream"
2014-07-05,6.66746489583333,"Upstream2","Before","Upstream"
2014-07-06,6.70656270833333,"Upstream2","Before","Upstream"
2014-07-07,6.58392302083333,"Upstream2","Before","Upstream"
2014-07-08,6.3015278125,"Upstream2","Before","Upstream"
2014-07-09,6.19628479166667,"Upstream2","Before","Upstream"
2014-07-10,6.44868020833333,"Upstream2","Before","Upstream"
2014-07-11,6.47416708333333,"Upstream2","Before","Upstream"
2014-07-12,6.52850729166667,"Upstream2","Before","Upstream"
2014-07-13,6.2755559375,"Upstream2","Before","Upstream"
2014-07-14,6.0260065625,"Upstream2","Before","Upstream"
2014-07-15,5.8268059375,"Upstream2","Before","Upstream"
2014-07-16,6.18868041666667,"Upstream2","Before","Upstream"
2014-07-17,6.0887846875,"Upstream2","Before","Upstream"
2014-07-18,5.93152791666667,"Upstream2","Before","Upstream"
2014-07-19,6.69954927083333,"Upstream2","Before","Upstream"
2014-07-20,6.56982635416667,"Upstream2","Before","Upstream"
2014-07-21,6.3917709375,"Upstream2","Before","Upstream"
2014-07-22,6.32072947916667,"Upstream2","Before","Upstream"
2014-07-23,6.01875010416667,"Upstream2","Before","Upstream"
2014-07-24,5.58878510416667,"Upstream2","Before","Upstream"
2014-07-25,6.52218770833333,"Upstream2","Before","Upstream"
2014-07-26,6.29597270833333,"Upstream2","Before","Upstream"
2014-07-27,6.19947979166667,"Upstream2","Before","Upstream"
2014-07-28,6.58715270833333,"Upstream2","Before","Upstream"
2014-07-29,6.5990971875,"Upstream2","Before","Upstream"
2014-07-30,6.65798635416667,"Upstream2","Before","Upstream"
2014-07-31,6.64163166666667,"Upstream2","Before","Upstream"
2014-08-01,8.80118083333333,"Upstream2","Before","Upstream"
2014-08-02,9.45322885416667,"Upstream2","Before","Upstream"
2014-08-03,9.0126384375,"Upstream2","Before","Upstream"
2014-08-04,8.966875,"Upstream2","Before","Upstream"
2014-08-05,8.76326416666667,"Upstream2","Before","Upstream"
2014-08-06,8.36336802083333,"Upstream2","Before","Upstream"
2014-08-07,6.85236104166667,"Upstream2","Before","Upstream"
2014-08-08,6.93486083333333,"Upstream2","Before","Upstream"
2014-08-09,6.97704854166667,"Upstream2","Before","Upstream"
2014-08-10,7.31972239583333,"Upstream2","Before","Upstream"
2014-08-11,7.1287846875,"Upstream2","Before","Upstream"
2014-08-12,6.92138875,"Upstream2","Before","Upstream"
2014-08-13,6.783090625,"Upstream2","Before","Upstream"
2014-08-14,6.84031260416667,"Upstream2","Before","Upstream"
2014-08-15,6.75808989583333,"Upstream2","Before","Upstream"
2014-08-16,6.76885416666667,"Upstream2","Before","Upstream"
2014-08-17,6.5554515625,"Upstream2","Before","Upstream"
2014-08-18,6.47729125,"Upstream2","Before","Upstream"
2014-08-20,6.78480352941176,"Upstream2","Before","Upstream"
2014-08-21,6.60715270833333,"Upstream2","Before","Upstream"
2014-08-22,6.46177114583333,"Upstream2","Before","Upstream"
2014-08-23,6.42628479166667,"Upstream2","Before","Upstream"
2014-08-24,6.6109025,"Upstream2","Before","Upstream"
2014-08-25,6.7797225,"Upstream2","Before","Upstream"
2014-08-26,6.90274333333333,"Upstream2","Before","Upstream"
2014-08-27,7.00340270833333,"Upstream2","Before","Upstream"
2014-08-28,6.905069375,"Upstream2","Before","Upstream"
2014-08-29,6.71163208333333,"Upstream2","Before","Upstream"
2014-08-30,6.76138895833333,"Upstream2","Before","Upstream"
2014-08-31,6.63597239583333,"Upstream2","Before","Upstream"
2014-09-01,6.4435065625,"Upstream2","Before","Upstream"
2014-09-02,6.30065979166667,"Upstream2","Before","Upstream"
2014-09-03,6.16628489583333,"Upstream2","Before","Upstream"
2014-09-04,6.04065947916667,"Upstream2","Before","Upstream"
2014-09-05,6.517881875,"Upstream2","Before","Upstream"
2014-09-06,6.474201875,"Upstream2","Before","Upstream"
2014-09-07,6.3998265625,"Upstream2","Before","Upstream"
2014-09-08,6.73194364583333,"Upstream2","Before","Upstream"
2014-09-09,6.89798625,"Upstream2","Before","Upstream"
2014-09-10,6.79062510416667,"Upstream2","Before","Upstream"
2014-09-11,6.5976040625,"Upstream2","Before","Upstream"
2014-09-12,6.54954822916667,"Upstream2","Before","Upstream"
2014-09-13,6.85878479166667,"Upstream2","Before","Upstream"
2014-09-14,6.87857677083333,"Upstream2","Before","Upstream"
2014-09-15,7.17909770833333,"Upstream2","Before","Upstream"
2014-09-16,7.04833375,"Upstream2","Before","Upstream"
2014-09-17,6.88305510416667,"Upstream2","Before","Upstream"
2014-09-18,7.0400003125,"Upstream2","Before","Upstream"
2014-09-19,7.16774322916667,"Upstream2","Before","Upstream"
2014-09-20,7.26791708333333,"Upstream2","Before","Upstream"
2014-09-21,7.11114583333333,"Upstream2","Before","Upstream"
2014-09-22,6.987256875,"Upstream2","Before","Upstream"
2014-09-23,7.3220309375,"Upstream2","Before","Upstream"
2014-09-24,7.8524303125,"Upstream2","Before","Upstream"
2014-09-25,8.01968760416667,"Upstream2","Before","Upstream"
2014-09-26,7.74388854166667,"Upstream2","Before","Upstream"
2014-09-27,7.72374989583333,"Upstream2","Before","Upstream"
2014-09-28,7.70038197916667,"Upstream2","Before","Upstream"
2014-09-29,7.57635447916667,"Upstream2","Before","Upstream"
2014-09-30,7.63583302083333,"Upstream2","Before","Upstream"
2014-10-01,7.70954833333333,"Upstream2","Before","Upstream"
2014-10-02,7.63135427083333,"Upstream2","Before","Upstream"
2014-10-03,7.45121520833333,"Upstream2","Before","Upstream"
2014-10-04,7.16861125,"Upstream2","Before","Upstream"
2014-10-05,7.7619103125,"Upstream2","Before","Upstream"
2014-10-06,8.00954895833333,"Upstream2","Before","Upstream"
2014-10-07,7.84725666666667,"Upstream2","Before","Upstream"
2014-10-08,7.768020625,"Upstream2","Before","Upstream"
2014-10-09,7.77701385416667,"Upstream2","Before","Upstream"
2014-10-10,7.85517375,"Upstream2","Before","Upstream"
2014-10-11,7.468194375,"Upstream2","Before","Upstream"
2014-10-12,7.45499989583333,"Upstream2","Before","Upstream"
2014-10-13,7.77583322916667,"Upstream2","Before","Upstream"
2014-10-14,7.6257290625,"Upstream2","Before","Upstream"
2014-10-15,7.39697885416667,"Upstream2","Before","Upstream"
2014-10-16,7.621666875,"Upstream2","Before","Upstream"
2014-10-17,7.78090291666667,"Upstream2","Before","Upstream"
2014-10-18,7.72895875,"Upstream2","Before","Upstream"
2014-10-19,7.817326875,"Upstream2","Before","Upstream"
2014-10-20,8.11500041666667,"Upstream2","Before","Upstream"
2014-10-22,8.28729166666667,"Upstream2","Before","Upstream"
2014-10-23,8.4939928125,"Upstream2","Before","Upstream"
2014-10-24,8.5237503125,"Upstream2","Before","Upstream"
2014-10-25,8.57322885416667,"Upstream2","Before","Upstream"
2014-10-26,8.50774375,"Upstream2","Before","Upstream"
2014-10-27,8.50243052083333,"Upstream2","Before","Upstream"
2014-10-28,8.59833333333333,"Upstream2","Before","Upstream"
2014-10-29,8.51927114583333,"Upstream2","Before","Upstream"
2014-10-30,8.21694427083333,"Upstream2","Before","Upstream"
2014-10-31,8.59513895833333,"Upstream2","Before","Upstream"
2014-11-01,8.5881946875,"Upstream2","Before","Upstream"
2014-11-02,8.9698609375,"Upstream2","Before","Upstream"
2014-11-03,9.3589903125,"Upstream2","Before","Upstream"
2014-11-04,9.28180666666667,"Upstream2","Before","Upstream"
2014-11-05,9.4975671875,"Upstream2","Before","Upstream"
2014-11-06,8.94437552083333,"Upstream2","Before","Upstream"
2014-11-07,8.83815979166667,"Upstream2","Before","Upstream"
2014-11-08,9.44548447916667,"Upstream2","Before","Upstream"
2014-11-09,9.6655203125,"Upstream2","Before","Upstream"
2014-11-10,9.76868177083333,"Upstream2","Before","Upstream"
2014-11-11,9.75836947916667,"Upstream2","Before","Upstream"
2014-11-12,9.4636796875,"Upstream2","Before","Upstream"
2014-11-13,9.40534708333333,"Upstream2","Before","Upstream"
2014-11-14,10.1085066666667,"Upstream2","Before","Upstream"
2014-11-15,10.9492715625,"Upstream2","Before","Upstream"
2014-11-16,11.1142020833333,"Upstream2","Before","Upstream"
2014-11-17,10.1503121875,"Upstream2","Before","Upstream"
2014-11-18,9.21132072916667,"Upstream2","Before","Upstream"
2014-11-19,10.8840291666667,"Upstream2","Before","Upstream"
2014-11-20,11.1218041666667,"Upstream2","Before","Upstream"
2014-11-21,11.0059729166667,"Upstream2","Before","Upstream"
2014-11-22,11.799375,"Upstream2","Before","Upstream"
2014-11-23,11.58059375,"Upstream2","Before","Upstream"
2014-11-24,9.72159979166667,"Upstream2","Before","Upstream"
2014-11-25,8.88204864583333,"Upstream2","Before","Upstream"
2014-11-26,9.58024302083333,"Upstream2","Before","Upstream"
2014-11-27,10.0153147916667,"Upstream2","Before","Upstream"
2014-11-28,10.4899666666667,"Upstream2","Before","Upstream"
2014-11-29,10.9572239583333,"Upstream2","Before","Upstream"
2014-11-30,10.9030479166667,"Upstream2","Before","Upstream"
2014-12-01,10.4701375,"Upstream2","Before","Upstream"
2014-12-02,10.704475,"Upstream2","Before","Upstream"
2014-12-03,10.83404375,"Upstream2","Before","Upstream"
2014-12-04,10.8889239583333,"Upstream2","Before","Upstream"
2014-12-05,11.3838510416667,"Upstream2","Before","Upstream"
2014-12-06,10.8738583333333,"Upstream2","Before","Upstream"
2014-12-07,10.8184364583333,"Upstream2","Before","Upstream"
2014-12-08,11.141846875,"Upstream2","Before","Upstream"
2014-12-09,10.9614916666667,"Upstream2","Before","Upstream"
2014-12-10,10.9970833333333,"Upstream2","Before","Upstream"
2014-12-11,11.134196875,"Upstream2","Before","Upstream"
2014-12-12,11.4310041666667,"Upstream2","Before","Upstream"
2014-12-13,11.4379520833333,"Upstream2","Before","Upstream"
2014-12-14,11.34041875,"Upstream2","Before","Upstream"
2014-12-15,11.3355739583333,"Upstream2","Before","Upstream"
2014-12-16,11.4303447916667,"Upstream2","Before","Upstream"
2014-12-17,11.3837489583333,"Upstream2","Before","Upstream"
2014-12-18,11.4865989583333,"Upstream2","Before","Upstream"
2014-12-19,11.541078125,"Upstream2","Before","Upstream"
2014-12-20,11.5988510416667,"Upstream2","Before","Upstream"
2014-12-21,11.6891,"Upstream2","Before","Upstream"
2014-12-22,11.5924,"Upstream2","Before","Upstream"
2014-12-23,11.5805510416667,"Upstream2","Before","Upstream"
2014-12-24,11.31698125,"Upstream2","Before","Upstream"
2014-12-25,10.6338864583333,"Upstream2","Before","Upstream"
2014-12-26,11.2704177083333,"Upstream2","Before","Upstream"
2014-12-27,11.4608729166667,"Upstream2","Before","Upstream"
2014-12-28,11.2737135416667,"Upstream2","Before","Upstream"
2014-12-29,10.993509375,"Upstream2","Before","Upstream"
2014-12-30,11.4611447916667,"Upstream2","Before","Upstream"
2014-12-31,12.359375,"Upstream2","Before","Upstream"
2015-01-01,12.52448125,"Upstream2","Before","Upstream"
2015-02-10,11.798396875,"Upstream2","Before","Upstream"
2015-02-11,12.393196875,"Upstream2","Before","Upstream"
2015-02-12,13.3348260416667,"Upstream2","Before","Upstream"
2015-02-13,13.1738489583333,"Upstream2","Before","Upstream"
2015-02-14,13.0140291666667,"Upstream2","Before","Upstream"
2015-02-15,13.0020458333333,"Upstream2","Before","Upstream"
2015-02-16,13.3051427083333,"Upstream2","Before","Upstream"
2015-02-17,13.3358385416667,"Upstream2","Before","Upstream"
2015-02-18,13.3278135416667,"Upstream2","Before","Upstream"
2015-02-19,13.214721875,"Upstream2","Before","Upstream"
2015-02-20,13.5855552083333,"Upstream2","Before","Upstream"
2015-02-21,13.6635770833333,"Upstream2","Before","Upstream"
2015-02-22,13.4106604166667,"Upstream2","Before","Upstream"
2015-02-23,13.1640239583333,"Upstream2","Before","Upstream"
2015-02-24,13.4495802083333,"Upstream2","Before","Upstream"
2015-02-25,13.5521875,"Upstream2","Before","Upstream"
2015-02-26,13.53250625,"Upstream2","Before","Upstream"
2015-02-27,13.7340645833333,"Upstream2","Before","Upstream"
2015-02-28,14.094515625,"Upstream2","Before","Upstream"
2015-03-01,14.082290625,"Upstream2","Before","Upstream"
2015-03-02,13.8782989583333,"Upstream2","Before","Upstream"
2015-03-03,14.0919083333333,"Upstream2","Before","Upstream"
2015-03-04,14.2365645833333,"Upstream2","Before","Upstream"
2015-03-05,13.856665625,"Upstream2","Before","Upstream"
2015-03-06,13.7804875,"Upstream2","Before","Upstream"
2015-03-07,14.1370479166667,"Upstream2","Before","Upstream"
2015-03-08,14.051775,"Upstream2","Before","Upstream"
2015-03-09,13.8760739583333,"Upstream2","Before","Upstream"
2015-03-10,13.7713875,"Upstream2","Before","Upstream"
2015-03-11,13.098153125,"Upstream2","Before","Upstream"
2015-03-12,12.5840270833333,"Upstream2","Before","Upstream"
2015-03-13,12.667290625,"Upstream2","Before","Upstream"
2015-03-14,12.11305,"Upstream2","Before","Upstream"
2015-03-15,11.7829572916667,"Upstream2","Before","Upstream"
2015-03-16,11.720315625,"Upstream2","Before","Upstream"
2015-03-17,11.487815625,"Upstream2","Before","Upstream"
2015-03-18,11.1757666666667,"Upstream2","Before","Upstream"
2015-03-19,11.101496875,"Upstream2","Before","Upstream"
2015-03-20,11.2824989583333,"Upstream2","Before","Upstream"
2015-03-21,11.253890625,"Upstream2","Before","Upstream"
2015-03-22,11.0809010416667,"Upstream2","Before","Upstream"
2015-03-23,11.194275,"Upstream2","Before","Upstream"
2015-03-24,11.9315604166667,"Upstream2","Before","Upstream"
2015-03-25,11.8703083333333,"Upstream2","Before","Upstream"
2015-03-26,11.4654875,"Upstream2","Before","Upstream"
2015-03-27,11.1919114583333,"Upstream2","Before","Upstream"
2015-03-28,11.3190979166667,"Upstream2","Before","Upstream"
2015-03-29,11.4357989583333,"Upstream2","Before","Upstream"
2015-03-30,11.359271875,"Upstream2","Before","Upstream"
2015-03-31,10.9270125,"Upstream2","Before","Upstream"
2015-04-01,10.7275375,"Upstream2","Before","Upstream"
2015-04-02,10.754484375,"Upstream2","Before","Upstream"
2015-04-03,10.0239960416667,"Upstream2","Before","Upstream"
2015-04-04,9.67975760416667,"Upstream2","Before","Upstream"
2015-04-05,10.0630535416667,"Upstream2","Before","Upstream"
2015-04-06,9.98892708333333,"Upstream2","Before","Upstream"
2015-04-07,9.67211822916667,"Upstream2","Before","Upstream"
2015-04-08,9.26545145833333,"Upstream2","Before","Upstream"
2015-04-09,8.25135416666667,"Upstream2","Before","Upstream"
2015-04-10,6.90788208333333,"Upstream2","Before","Upstream"
2015-04-11,7.75059020833333,"Upstream2","Before","Upstream"
2015-04-12,8.0214928125,"Upstream2","Before","Upstream"
2015-04-13,8.80191020833333,"Upstream2","Before","Upstream"
2015-04-14,8.760971875,"Upstream2","Before","Upstream"
2015-04-15,7.43802052083333,"Upstream2","Before","Upstream"
2015-04-16,9.632778125,"Upstream2","Before","Upstream"
2015-04-17,9.55149270833333,"Upstream2","Before","Upstream"
2015-04-18,9.31145791666667,"Upstream2","Before","Upstream"
2015-04-19,9.09687489583333,"Upstream2","Before","Upstream"
2015-04-20,8.2620140625,"Upstream2","Before","Upstream"
2015-04-21,8.44687541666667,"Upstream2","Before","Upstream"
2015-04-22,9.48569427083333,"Upstream2","Before","Upstream"
2015-04-23,9.67739614583333,"Upstream2","Before","Upstream"
2015-04-24,9.60236104166667,"Upstream2","Before","Upstream"
2015-04-25,9.09892364583333,"Upstream2","Before","Upstream"
2015-04-26,9.09954854166667,"Upstream2","Before","Upstream"
2015-04-27,9.08687489583333,"Upstream2","Before","Upstream"
2015-04-28,8.8721525,"Upstream2","Before","Upstream"
2015-04-29,8.8179509375,"Upstream2","Before","Upstream"
2015-04-30,8.61465291666667,"Upstream2","Before","Upstream"
2015-05-01,8.49767364583333,"Upstream2","Before","Upstream"
2015-05-02,8.67895833333333,"Upstream2","Before","Upstream"
2015-05-03,8.51118072916667,"Upstream2","Before","Upstream"
2015-05-04,8.29836770833333,"Upstream2","Before","Upstream"
2015-05-05,8.57385385416667,"Upstream2","Before","Upstream"
2015-05-06,8.49819375,"Upstream2","Before","Upstream"
2015-05-07,8.27017375,"Upstream2","Before","Upstream"
2015-05-08,7.7279171875,"Upstream2","Before","Upstream"
2015-05-09,7.3728821875,"Upstream2","Before","Upstream"
2015-05-10,7.17847239583333,"Upstream2","Before","Upstream"
2015-05-11,7.05031229166667,"Upstream2","Before","Upstream"
2015-05-12,6.99649291666667,"Upstream2","Before","Upstream"
2015-05-13,6.79788197916667,"Upstream2","Before","Upstream"
2015-05-14,6.897083125,"Upstream2","Before","Upstream"
2015-05-15,6.32791635416667,"Upstream2","Before","Upstream"
2015-05-16,6.25295145833333,"Upstream2","Before","Upstream"
2015-05-17,6.15284697916667,"Upstream2","Before","Upstream"
2015-05-18,5.758298125,"Upstream2","Before","Upstream"
2015-05-19,5.554028125,"Upstream2","Before","Upstream"
2015-05-20,5.92968760416667,"Upstream2","Before","Upstream"
2015-05-21,5.81625041666667,"Upstream2","Before","Upstream"
2015-05-22,6.18482614583333,"Upstream2","Before","Upstream"
2015-05-23,6.0244790625,"Upstream2","Before","Upstream"
2015-05-24,5.281631875,"Upstream2","Before","Upstream"
2015-05-26,7.33461854166667,"Upstream2","Before","Upstream"
2015-05-27,7.14947916666667,"Upstream2","Before","Upstream"
2015-05-28,6.94968677083333,"Upstream2","Before","Upstream"
2015-05-29,7.04520822916667,"Upstream2","Before","Upstream"
2015-05-30,7.00114625,"Upstream2","Before","Upstream"
2015-05-31,6.96350729166667,"Upstream2","Before","Upstream"
2015-06-01,6.74732614583333,"Upstream2","Before","Upstream"
2015-06-02,6.64786489583333,"Upstream2","Before","Upstream"
2015-06-03,7.15489614583333,"Upstream2","Before","Upstream"
2015-06-04,7.3836459375,"Upstream2","Before","Upstream"
2015-06-05,7.46493104166667,"Upstream2","Before","Upstream"
2015-06-06,7.4488890625,"Upstream2","Before","Upstream"
2015-06-07,7.41291635416667,"Upstream2","Before","Upstream"
2015-06-08,7.2780903125,"Upstream2","Before","Upstream"
2015-06-09,7.0573090625,"Upstream2","Before","Upstream"
2015-06-10,7.04548604166667,"Upstream2","Before","Upstream"
2015-06-11,6.8193403125,"Upstream2","Before","Upstream"
2015-06-12,6.70635416666667,"Upstream2","Before","Upstream"
2015-06-13,6.59999989583333,"Upstream2","Before","Upstream"
2015-06-14,6.2725003125,"Upstream2","Before","Upstream"
2015-06-15,6.13677041666667,"Upstream2","Before","Upstream"
2015-06-16,6.27333322916667,"Upstream2","Before","Upstream"
2015-06-17,6.27816,"Upstream2","Before","Upstream"
2015-06-18,6.18045145833333,"Upstream2","Before","Upstream"
2015-06-19,6.23951416666667,"Upstream2","Before","Upstream"
2015-06-20,5.56409729166667,"Upstream2","Before","Upstream"
2015-06-22,3.71316020833333,"Upstream2","Before","Upstream"
2015-06-23,4.935330625,"Upstream2","Before","Upstream"
2015-06-24,6.29736145833333,"Upstream2","Before","Upstream"
2015-06-25,6.26968697916667,"Upstream2","Before","Upstream"
2015-06-26,6.09611114583333,"Upstream2","Before","Upstream"
2015-06-27,5.53434,"Upstream2","Before","Upstream"
2015-06-28,5.6665971875,"Upstream2","Before","Upstream"
2015-06-29,6.26600697916667,"Upstream2","Before","Upstream"
2015-06-30,6.2826734375,"Upstream2","Before","Upstream"
2015-07-01,6.01938209677419,"Upstream2","Before","Upstream"
2017-09-19,7.34500035714286,"Upstream2","Before","Upstream"
2017-09-20,6.97295145833333,"Upstream2","Before","Upstream"
